taxa_id	marker	Kingdom	Phylum	Class	Order	Family	Genus	Species
hotu_8	LSU	Fungi	Glomeromycota	Glomeromycetes	Glomerales	Claroideoglomeraceae	Claroideoglomus	Claroideoglomus_sp
hotu_14	LSU	Fungi	Glomeromycota	Glomeromycetes	Glomerales	Glomeraceae	Rhizoglomus	Rhizoglomus_sp
hotu_30	LSU	Fungi	Glomeromycota	Glomeromycetes	Glomerales	Glomeraceae	Rhizoglomus	Rhizoglomus_sp
hotu_33	LSU	Fungi	Glomeromycota	Glomeromycetes	Glomerales	Glomeraceae	Glomeraceae_spp	Glomeraceae_spp
hotu_36	LSU	Fungi	Glomeromycota	Glomeromycetes	Glomerales	Glomeraceae	Glomeraceae_spp	Glomeraceae_spp
hotu_40	LSU	Fungi	Glomeromycota	Glomeromycetes	Glomerales	Glomeraceae	Rhizoglomus	Rhizoglomus_sp
hotu_43	LSU	Fungi	Glomeromycota	Glomeromycetes	Glomerales	Glomeraceae	Glomeraceae_spp	Glomeraceae_spp
hotu_44	LSU	Fungi	Glomeromycota	Glomeromycetes	Glomerales	Glomeraceae	Rhizoglomus	Rhizoglomus_sp
hotu_45	LSU	Fungi	Glomeromycota	Glomeromycetes	Glomerales	Glomeraceae	Glomeraceae_spp	Glomeraceae_spp
hotu_46	LSU	Fungi	Glomeromycota	Glomeromycetes	Glomerales	Glomeraceae	Glomeraceae_spp	Glomeraceae_spp
hotu_48	LSU	Fungi	Glomeromycota	Glomeromycetes	Glomerales	Glomeraceae	Glomeraceae_spp	Glomeraceae_spp
hotu_55	LSU	Fungi	Glomeromycota	Glomeromycetes	Glomerales	Glomeraceae	Glomeraceae_spp	Glomeraceae_spp
hotu_58	LSU	Fungi	Glomeromycota	Glomeromycetes	Glomerales	Glomeraceae	Glomeraceae_spp	Glomeraceae_spp
hotu_63	LSU	Fungi	Glomeromycota	Glomeromycetes	Glomerales	Glomeraceae	Rhizoglomus	Rhizoglomus_sp
hotu_73	LSU	Fungi	Glomeromycota	Glomeromycetes	Glomerales	Glomeraceae	Glomeraceae_spp	Glomeraceae_spp
hotu_81	LSU	Fungi	Glomeromycota	Glomeromycetes	Paraglomerales	Paraglomeraceae	Paraglomus	Paraglomus_sp
hotu_84	LSU	Fungi	Glomeromycota	Glomeromycetes	Glomerales	Glomeraceae	Rhizoglomus	Rhizoglomus_sp
hotu_85	LSU	Fungi	Glomeromycota	Glomeromycetes	Diversisporales	Acaulosporaceae	Acaulospora	Acaulospora_sp
hotu_88	LSU	Fungi	Glomeromycota	Glomeromycetes	Glomerales	Claroideoglomeraceae	Claroideoglomus	Claroideoglomus_sp
hotu_89	LSU	Fungi	Glomeromycota	Glomeromycetes	Glomerales	Glomeraceae	Glomeraceae_spp	Glomeraceae_spp
hotu_90	LSU	Fungi	Glomeromycota	Glomeromycetes	Glomerales	Glomeraceae	Glomeraceae_spp	Glomeraceae_spp
hotu_96	LSU	Fungi	Glomeromycota	Glomeromycetes	Glomerales	Glomeraceae	Septoglomus	Septoglomus_sp
hotu_98	LSU	Fungi	Glomeromycota	Glomeromycetes	Glomerales	Glomeraceae	Glomeraceae_spp	Glomeraceae_spp
hotu_100	LSU	Fungi	Glomeromycota	Glomeromycetes	Glomerales	Glomeraceae	Rhizoglomus	Rhizoglomus_sp
hotu_104	LSU	Fungi	Glomeromycota	Glomeromycetes	Glomerales	Claroideoglomeraceae	Claroideoglomus	Claroideoglomus_sp
hotu_106	LSU	Fungi	Glomeromycota	Glomeromycetes	Glomerales	Glomeraceae	Glomeraceae_spp	Glomeraceae_spp
hotu_109	LSU	Fungi	Glomeromycota	Glomeromycetes	Glomerales	Glomeraceae	Glomeraceae_spp	Glomeraceae_spp
hotu_110	LSU	Fungi	Glomeromycota	Glomeromycetes	Glomerales	Glomeraceae	Glomus	Glomus_sp
hotu_111	LSU	Fungi	Glomeromycota	Glomeromycetes	Glomerales	Glomeraceae	Rhizoglomus	Rhizoglomus_sp
hotu_113	LSU	Fungi	Glomeromycota	Glomeromycetes	Glomerales	Glomeraceae	Septoglomus	Septoglomus_sp
hotu_121	LSU	Fungi	Glomeromycota	Glomeromycetes	Glomerales	Glomeraceae	Rhizoglomus	Rhizoglomus_sp
hotu_122	LSU	Fungi	Glomeromycota	Glomeromycetes	Glomerales	Glomeraceae	Glomeraceae_spp	Glomeraceae_spp
hotu_126	LSU	Fungi	Glomeromycota	Glomeromycetes	Glomerales	Glomeraceae	Rhizoglomus	Rhizoglomus_sp
hotu_129	LSU	Fungi	Glomeromycota	Glomeromycetes	Glomerales	Glomeraceae	Glomeraceae_spp	Glomeraceae_spp
hotu_135	LSU	Fungi	Glomeromycota	Glomeromycetes	Glomerales	Glomeraceae	Funneliformis	Funneliformis_sp
hotu_136	LSU	Fungi	Glomeromycota	Glomeromycetes	Glomerales	Glomeraceae	Glomus	Glomus_sp
hotu_139	LSU	Fungi	Glomeromycota	Glomeromycetes	Glomerales	Glomeraceae	Rhizoglomus	Rhizoglomus_sp
hotu_140	LSU	Fungi	Glomeromycota	Glomeromycetes	Glomerales	Glomeraceae	Glomeraceae_spp	Glomeraceae_spp
hotu_141	LSU	Fungi	Glomeromycota	Glomeromycetes	Glomerales	Glomeraceae	Septoglomus	Septoglomus_sp
hotu_145	LSU	Fungi	Glomeromycota	Glomeromycetes	Glomerales	Glomeraceae	Glomeraceae_spp	Glomeraceae_spp
hotu_151	LSU	Fungi	Glomeromycota	Glomeromycetes	Glomerales	Glomeraceae	Glomeraceae_spp	Glomeraceae_spp
hotu_152	LSU	Fungi	Glomeromycota	Glomeromycetes	Glomerales	Glomeraceae	Glomeraceae_spp	Glomeraceae_spp
hotu_153	LSU	Fungi	Glomeromycota	Glomeromycetes	Glomerales	Glomeraceae	Glomeraceae_spp	Glomeraceae_spp
hotu_154	LSU	Fungi	Glomeromycota	Glomeromycetes	Glomerales	Glomeraceae	Rhizoglomus	Rhizoglomus_sp
hotu_159	LSU	Fungi	Glomeromycota	Glomeromycetes	Glomerales	Glomeraceae	Rhizoglomus	Rhizoglomus_sp
hotu_164	LSU	Fungi	Glomeromycota	Glomeromycetes	Glomerales	Glomeraceae	Rhizoglomus	Rhizoglomus_sp
hotu_168	LSU	Fungi	Glomeromycota	Glomeromycetes	Diversisporales	Acaulosporaceae	Acaulospora	Acaulospora_sp
hotu_171	LSU	Fungi	Glomeromycota	Glomeromycetes	Glomerales	Glomeraceae	Glomeraceae_spp	Glomeraceae_spp
hotu_173	LSU	Fungi	Glomeromycota	Glomeromycetes	Glomerales	Glomeraceae	Rhizoglomus	Rhizoglomus_sp
hotu_181	LSU	Fungi	Glomeromycota	Glomeromycetes	Glomerales	Glomeraceae	Rhizoglomus	Rhizoglomus_sp
hotu_185	LSU	Fungi	Glomeromycota	Glomeromycetes	Glomerales	Glomeraceae	Glomeraceae_spp	Glomeraceae_spp
hotu_189	LSU	Fungi	Glomeromycota	Glomeromycetes	Glomerales	Glomeraceae	Rhizoglomus	Rhizoglomus_sp
hotu_190	LSU	Fungi	Glomeromycota	Glomeromycetes	Glomerales	Claroideoglomeraceae	Claroideoglomus	Claroideoglomus_sp
hotu_194	LSU	Fungi	Glomeromycota	Glomeromycetes	Glomerales	Glomeraceae	Glomus	Glomus_sp
hotu_209	LSU	Fungi	Glomeromycota	Glomeromycetes	Glomerales	Glomeraceae	Glomeraceae_spp	Glomeraceae_spp
hotu_210	LSU	Fungi	Glomeromycota	Glomeromycetes	Glomerales	Glomeraceae	Glomus	Glomus_sp
hotu_213	LSU	Fungi	Glomeromycota	Glomeromycetes	Paraglomerales	Paraglomeraceae	Paraglomus	Paraglomus_sp
hotu_220	LSU	Fungi	Glomeromycota	Glomeromycetes	Glomerales	Claroideoglomeraceae	Claroideoglomus	Claroideoglomus_sp
hotu_227	LSU	Fungi	Glomeromycota	Glomeromycetes	Glomerales	Glomeraceae	Glomeraceae_spp	Glomeraceae_spp
hotu_229	LSU	Fungi	Glomeromycota	Glomeromycetes	Glomerales	Glomeraceae	Glomeraceae_spp	Glomeraceae_spp
hotu_232	LSU	Fungi	Glomeromycota	Glomeromycetes	Glomerales	Glomeraceae	Rhizoglomus	Rhizoglomus_sp
hotu_233	LSU	Fungi	Glomeromycota	Glomeromycetes	Glomerales	Glomeraceae	Rhizoglomus	Rhizoglomus_sp
hotu_239	LSU	Fungi	Glomeromycota	Glomeromycetes	Archaeosporales	Archaeosporaceae	Archaeospora	Archaeospora_sp
hotu_242	LSU	Fungi	Glomeromycota	Glomeromycetes	Glomerales	Glomeraceae	Glomus	Glomus_sp
hotu_247	LSU	Fungi	Glomeromycota	Glomeromycetes	Glomerales	Glomeraceae	Rhizoglomus	Rhizoglomus_sp
hotu_248	LSU	Fungi	Glomeromycota	Glomeromycetes	Glomerales	Glomeraceae	Glomus	Glomus_sp
hotu_249	LSU	Fungi	Glomeromycota	Glomeromycetes	Glomerales	Glomeraceae	Rhizoglomus	Rhizoglomus_sp
hotu_255	LSU	Fungi	Glomeromycota	Glomeromycetes	Glomerales	Claroideoglomeraceae	Claroideoglomus	Claroideoglomus_sp
hotu_277	LSU	Fungi	Glomeromycota	Glomeromycetes	Glomerales	Glomeraceae	Glomus	Glomus_sp
hotu_280	LSU	Fungi	Glomeromycota	Glomeromycetes	Glomerales	Glomeraceae	Rhizoglomus	Rhizoglomus_sp
hotu_281	LSU	Fungi	Glomeromycota	Glomeromycetes	Glomerales	Glomeraceae	Rhizoglomus	Rhizoglomus_sp
hotu_289	LSU	Fungi	Glomeromycota	Glomeromycetes	Diversisporales	Diversisporaceae	Diversispora	Diversispora_sp
hotu_293	LSU	Fungi	Glomeromycota	Glomeromycetes	Glomerales	Glomeraceae	Glomeraceae_spp	Glomeraceae_spp
hotu_295	LSU	Fungi	Glomeromycota	Glomeromycetes	Glomerales	Glomeraceae	Glomeraceae_spp	Glomeraceae_spp
hotu_299	LSU	Fungi	Glomeromycota	Glomeromycetes	Glomerales	Glomeraceae	Rhizoglomus	Rhizoglomus_sp
hotu_302	LSU	Fungi	Glomeromycota	Glomeromycetes	Glomerales	Glomeraceae	Glomeraceae_spp	Glomeraceae_spp
hotu_306	LSU	Fungi	Glomeromycota	Glomeromycetes	Glomerales	Glomeraceae	Glomeraceae_spp	Glomeraceae_spp
hotu_326	LSU	Fungi	Glomeromycota	Glomeromycetes	Glomerales	Glomeraceae	Glomeraceae_spp	Glomeraceae_spp
hotu_339	LSU	Fungi	Glomeromycota	Glomeromycetes	Diversisporales	Acaulosporaceae	Acaulospora	Acaulospora_sp
hotu_347	LSU	Fungi	Glomeromycota	Glomeromycetes	Glomerales	Glomeraceae	Rhizoglomus	Rhizoglomus_sp
hotu_359	LSU	Fungi	Glomeromycota	Glomeromycetes	Glomerales	Glomeraceae	Rhizoglomus	Rhizoglomus_sp
hotu_364	LSU	Fungi	Glomeromycota	Glomeromycetes	Glomerales	Glomeraceae	Rhizoglomus	Rhizoglomus_sp
hotu_372	LSU	Fungi	Glomeromycota	Glomeromycetes	Glomerales	Glomeraceae	Glomus	Glomus_sp
hotu_378	LSU	Fungi	Glomeromycota	Glomeromycetes	Gigasporales	Gigasporaceae	Gigaspora	Gigaspora_sp
hotu_384	LSU	Fungi	Glomeromycota	Glomeromycetes	Glomerales	Glomeraceae	Rhizoglomus	Rhizoglomus_sp
hotu_386	LSU	Fungi	Glomeromycota	Glomeromycetes	Glomerales	Glomeraceae	Rhizoglomus	Rhizoglomus_sp
hotu_391	LSU	Fungi	Glomeromycota	Glomeromycetes	Glomerales	Glomeraceae	Septoglomus	Septoglomus_sp
hotu_396	LSU	Fungi	Glomeromycota	Glomeromycetes	Glomerales	Glomeraceae	Rhizoglomus	Rhizoglomus_sp
hotu_403	LSU	Fungi	Glomeromycota	Glomeromycetes	Glomerales	Glomeraceae	Glomeraceae_spp	Glomeraceae_spp
hotu_404	LSU	Fungi	Glomeromycota	Glomeromycetes	Glomerales	Glomeraceae	Rhizoglomus	Rhizoglomus_sp
hotu_441	LSU	Fungi	Glomeromycota	Glomeromycetes	Glomerales	Claroideoglomeraceae	Claroideoglomus	Claroideoglomus_sp
hotu_452	LSU	Fungi	Glomeromycota	Glomeromycetes	Glomerales	Glomeraceae	Rhizoglomus	Rhizoglomus_sp
hotu_462	LSU	Fungi	Glomeromycota	Glomeromycetes	Diversisporales	Gigasporaceae	Scutellospora	Scutellospora_sp
hotu_469	LSU	Fungi	Glomeromycota	Glomeromycetes	Glomerales	Claroideoglomeraceae	Claroideoglomus	Claroideoglomus_sp
hotu_470	LSU	Fungi	Glomeromycota	Glomeromycetes	Paraglomerales	Paraglomeraceae	Paraglomus	Paraglomus_sp
hotu_477	LSU	Fungi	Glomeromycota	Glomeromycetes	Glomerales	Glomeraceae	Glomeraceae_spp	Glomeraceae_spp
hotu_481	LSU	Fungi	Glomeromycota	Glomeromycetes	Diversisporales	Diversisporaceae	Diversispora	Diversispora_sp
hotu_483	LSU	Fungi	Glomeromycota	Glomeromycetes	Glomerales	Glomeraceae	Rhizoglomus	Rhizoglomus_sp
hotu_486	LSU	Fungi	Glomeromycota	Glomeromycetes	Archaeosporales	Ambisporaceae	Ambispora	Ambispora_sp
hotu_490	LSU	Fungi	Glomeromycota	Glomeromycetes	Diversisporales	Acaulosporaceae	Acaulospora	Acaulospora_sp
hotu_496	LSU	Fungi	Glomeromycota	Glomeromycetes	Diversisporales	Diversisporaceae	Diversispora	Diversispora_sp
hotu_499	LSU	Fungi	Glomeromycota	Glomeromycetes	Glomerales	Glomeraceae	Septoglomus	Septoglomus_sp
hotu_516	LSU	Fungi	Glomeromycota	Glomeromycetes	Glomerales	Glomeraceae	Glomeraceae_spp	Glomeraceae_spp
hotu_521	LSU	Fungi	Glomeromycota	Glomeromycetes	Glomerales	Claroideoglomeraceae	Claroideoglomus	Claroideoglomus_sp
hotu_523	LSU	Fungi	Glomeromycota	Glomeromycetes	Glomerales	Glomeraceae	Glomeraceae_spp	Glomeraceae_spp
hotu_526	LSU	Fungi	Glomeromycota	Glomeromycetes	Diversisporales	Acaulosporaceae	Acaulospora	Acaulospora_sp
hotu_528	LSU	Fungi	Glomeromycota	Glomeromycetes	Glomerales	Glomeraceae	Glomeraceae_spp	Glomeraceae_spp
hotu_534	LSU	Fungi	Glomeromycota	Glomeromycetes	Glomerales	Glomeraceae	Rhizoglomus	Rhizoglomus_sp
hotu_540	LSU	Fungi	Glomeromycota	Glomeromycetes	Glomerales	Claroideoglomeraceae	Claroideoglomus	Claroideoglomus_sp
hotu_542	LSU	Fungi	Glomeromycota	Glomeromycetes	Glomerales	Glomeraceae	Glomeraceae_spp	Glomeraceae_spp
hotu_552	LSU	Fungi	Glomeromycota	Glomeromycetes	Glomerales	Glomeraceae	Rhizoglomus	Rhizoglomus_sp
hotu_564	LSU	Fungi	Glomeromycota	Glomeromycetes	Diversisporales	Acaulosporaceae	Acaulospora	Acaulospora_sp
hotu_572	LSU	Fungi	Glomeromycota	Glomeromycetes	Glomerales	Glomeraceae	Glomeraceae_spp	Glomeraceae_spp
hotu_585	LSU	Fungi	Glomeromycota	Glomeromycetes	Glomerales	Glomeraceae	Glomus	Glomus_sp
hotu_586	LSU	Fungi	Glomeromycota	Glomeromycetes	Glomerales	Glomeraceae	Glomeraceae_spp	Glomeraceae_spp
hotu_591	LSU	Fungi	Glomeromycota	Glomeromycetes	Glomerales	Glomeraceae	Glomeraceae_spp	Glomeraceae_spp
hotu_593	LSU	Fungi	Glomeromycota	Glomeromycetes	Glomerales	Glomeraceae	Funneliformis	Funneliformis_sp
hotu_607	LSU	Fungi	Glomeromycota	Glomeromycetes	Glomerales	Glomeraceae	Rhizoglomus	Rhizoglomus_sp
hotu_608	LSU	Fungi	Glomeromycota	Glomeromycetes	Glomerales	Glomeraceae	Glomeraceae_spp	Glomeraceae_spp
hotu_610	LSU	Fungi	Glomeromycota	Glomeromycetes	Diversisporales	Acaulosporaceae	Acaulospora	Acaulospora_sp
hotu_613	LSU	Fungi	Glomeromycota	Glomeromycetes	Glomerales	Glomeraceae	Rhizoglomus	Rhizoglomus_sp
hotu_624	LSU	Fungi	Glomeromycota	Glomeromycetes	Glomerales	Glomeraceae	Septoglomus	Septoglomus_sp
hotu_638	LSU	Fungi	Glomeromycota	Glomeromycetes	Diversisporales	Diversisporaceae	Diversispora	Diversispora_sp
hotu_646	LSU	Fungi	Glomeromycota	Glomeromycetes	Glomerales	Glomeraceae	Funneliformis	Funneliformis_sp
hotu_649	LSU	Fungi	Glomeromycota	Glomeromycetes	Glomerales	Glomeraceae	Rhizoglomus	Rhizoglomus_sp
hotu_651	LSU	Fungi	Glomeromycota	Glomeromycetes	Glomerales	Claroideoglomeraceae	Claroideoglomus	Claroideoglomus_sp
hotu_653	LSU	Fungi	Glomeromycota	Glomeromycetes	Diversisporales	Acaulosporaceae	Acaulospora	Acaulospora_sp
hotu_655	LSU	Fungi	Glomeromycota	Glomeromycetes	Glomerales	Claroideoglomeraceae	Claroideoglomus	Claroideoglomus_sp
hotu_666	LSU	Fungi	Glomeromycota	Glomeromycetes	Glomerales	Glomeraceae	Septoglomus	Septoglomus_sp
hotu_668	LSU	Fungi	Glomeromycota	Glomeromycetes	Glomerales	Glomeraceae	Rhizoglomus	Rhizoglomus_sp
hotu_671	LSU	Fungi	Glomeromycota	Glomeromycetes	Glomerales	Glomeraceae	Glomus	Glomus_sp
hotu_673	LSU	Fungi	Glomeromycota	Glomeromycetes	Glomerales	Glomeraceae	Rhizoglomus	Rhizoglomus_sp
hotu_675	LSU	Fungi	Glomeromycota	Glomeromycetes	Glomerales	Glomeraceae	Glomeraceae_spp	Glomeraceae_spp
hotu_678	LSU	Fungi	Glomeromycota	Glomeromycetes	Glomerales	Glomeraceae	Rhizoglomus	Rhizoglomus_sp
hotu_682	LSU	Fungi	Glomeromycota	Glomeromycetes	Diversisporales	Diversisporaceae	Diversispora	Diversispora_sp
hotu_683	LSU	Fungi	Glomeromycota	Glomeromycetes	Glomerales	Glomeraceae	Glomeraceae_spp	Glomeraceae_spp
hotu_690	LSU	Fungi	Glomeromycota	Glomeromycetes	Glomerales	Glomeraceae	Rhizoglomus	Rhizoglomus_sp
hotu_694	LSU	Fungi	Glomeromycota	Glomeromycetes	Glomerales	Glomeraceae	Rhizoglomus	Rhizoglomus_sp
hotu_696	LSU	Fungi	Glomeromycota	Glomeromycetes	Diversisporales	Acaulosporaceae	Acaulospora	Acaulospora_sp
hotu_703	LSU	Fungi	Glomeromycota	Glomeromycetes	Glomerales	Glomeraceae	Septoglomus	Septoglomus_sp
hotu_704	LSU	Fungi	Glomeromycota	Glomeromycetes	Glomerales	Glomeraceae	Glomus	Glomus_sp
hotu_706	LSU	Fungi	Glomeromycota	Glomeromycetes	Glomerales	Claroideoglomeraceae	Claroideoglomus	Claroideoglomus_sp
hotu_710	LSU	Fungi	Glomeromycota	Glomeromycetes	Glomerales	Glomeraceae	Rhizoglomus	Rhizoglomus_sp
hotu_715	LSU	Fungi	Glomeromycota	Glomeromycetes	Glomerales	Glomeraceae	Glomus	Glomus_sp
hotu_717	LSU	Fungi	Glomeromycota	Glomeromycetes	Glomerales	Glomeraceae	Glomeraceae_spp	Glomeraceae_spp
hotu_725	LSU	Fungi	Glomeromycota	Glomeromycetes	Diversisporales	Acaulosporaceae	Acaulospora	Acaulospora_sp
hotu_736	LSU	Fungi	Glomeromycota	Glomeromycetes	Diversisporales	Acaulosporaceae	Acaulospora	Acaulospora_sp
hotu_737	LSU	Fungi	Glomeromycota	Glomeromycetes	Glomerales	Glomeraceae	Glomus	Glomus_sp
hotu_745	LSU	Fungi	Glomeromycota	Glomeromycetes	Glomerales	Glomeraceae	Glomeraceae_spp	Glomeraceae_spp
hotu_754	LSU	Fungi	Glomeromycota	Glomeromycetes	Glomerales	Glomeraceae	Rhizoglomus	Rhizoglomus_sp
hotu_762	LSU	Fungi	Glomeromycota	Glomeromycetes	Glomerales	Glomeraceae	Rhizoglomus	Rhizoglomus_sp
hotu_765	LSU	Fungi	Glomeromycota	Glomeromycetes	Glomerales	Glomeraceae	Glomeraceae_spp	Glomeraceae_spp
hotu_769	LSU	Fungi	Glomeromycota	Glomeromycetes	Diversisporales	Diversisporaceae	Diversispora	Diversispora_sp
hotu_797	LSU	Fungi	Glomeromycota	Glomeromycetes	Diversisporales	Acaulosporaceae	Acaulospora	Acaulospora_sp
hotu_800	LSU	Fungi	Glomeromycota	Glomeromycetes	Glomerales	Glomeraceae	Rhizoglomus	Rhizoglomus_sp
hotu_807	LSU	Fungi	Glomeromycota	Glomeromycetes	Glomerales	Glomeraceae	Glomeraceae_spp	Glomeraceae_spp
hotu_820	LSU	Fungi	Glomeromycota	Glomeromycetes	Glomerales	Glomeraceae	Glomus	Glomus_sp
hotu_822	LSU	Fungi	Glomeromycota	Glomeromycetes	Glomerales	Glomeraceae	Glomus	Glomus_sp
hotu_823	LSU	Fungi	Glomeromycota	Glomeromycetes	Glomerales	Glomeraceae	Rhizoglomus	Rhizoglomus_sp
hotu_824	LSU	Fungi	Glomeromycota	Glomeromycetes	Glomerales	Glomeraceae	Glomeraceae_spp	Glomeraceae_spp
hotu_831	LSU	Fungi	Glomeromycota	Glomeromycetes	Glomerales	Glomeraceae	Glomus	Glomus_sp
hotu_834	LSU	Fungi	Glomeromycota	Glomeromycetes	Glomerales	Glomeraceae	Rhizoglomus	Rhizoglomus_sp
hotu_836	LSU	Fungi	Glomeromycota	Glomeromycetes	Diversisporales	Acaulosporaceae	Acaulospora	Acaulospora_sp
hotu_849	LSU	Fungi	Glomeromycota	Glomeromycetes	Glomerales	Glomeraceae	Septoglomus	Septoglomus_sp
hotu_854	LSU	Fungi	Glomeromycota	Glomeromycetes	Diversisporales	Diversisporaceae	Diversispora	Diversispora_sp
hotu_858	LSU	Fungi	Glomeromycota	Glomeromycetes	Diversisporales	Diversisporaceae	Diversispora	Diversispora_sp
hotu_872	LSU	Fungi	Glomeromycota	Glomeromycetes	Glomerales	Glomeraceae	Glomeraceae_spp	Glomeraceae_spp
hotu_875	LSU	Fungi	Glomeromycota	Glomeromycetes	Glomerales	Glomeraceae	Rhizoglomus	Rhizoglomus_sp
hotu_883	LSU	Fungi	Glomeromycota	Glomeromycetes	Glomerales	Glomeraceae	Rhizoglomus	Rhizoglomus_sp
hotu_908	LSU	Fungi	Glomeromycota	Glomeromycetes	Glomerales	Glomeraceae	Glomeraceae_spp	Glomeraceae_spp
hotu_927	LSU	Fungi	Glomeromycota	Glomeromycetes	Gigasporales	Gigasporaceae	Cetraspora	Cetraspora_sp
hotu_941	LSU	Fungi	Glomeromycota	Glomeromycetes	Glomerales	Glomeraceae	Rhizoglomus	Rhizoglomus_sp
hotu_945	LSU	Fungi	Glomeromycota	Glomeromycetes	Glomerales	Glomeraceae	Glomeraceae_spp	Glomeraceae_spp
hotu_946	LSU	Fungi	Glomeromycota	Glomeromycetes	Glomerales	Glomeraceae	Septoglomus	Septoglomus_sp
hotu_954	LSU	Fungi	Glomeromycota	Glomeromycetes	Glomerales	Glomeraceae	Glomeraceae_spp	Glomeraceae_spp
hotu_973	LSU	Fungi	Glomeromycota	Glomeromycetes	Diversisporales	Gigasporaceae	Scutellospora	Scutellospora_sp
hotu_975	LSU	Fungi	Glomeromycota	Glomeromycetes	Glomerales	Glomeraceae	Glomeraceae_spp	Glomeraceae_spp
hotu_1005	LSU	Fungi	Glomeromycota	Glomeromycetes	Diversisporales	Diversisporaceae	Diversispora	Diversispora_sp
hotu_1018	LSU	Fungi	Glomeromycota	Glomeromycetes	Glomerales	Glomeraceae	Glomeraceae_spp	Glomeraceae_spp
hotu_1019	LSU	Fungi	Glomeromycota	Glomeromycetes	Glomerales	Glomeraceae	Rhizoglomus	Rhizoglomus_sp
hotu_1022	LSU	Fungi	Glomeromycota	Glomeromycetes	Glomerales	Glomeraceae	Glomus	Glomus_sp
hotu_1030	LSU	Fungi	Glomeromycota	Glomeromycetes	Glomerales	Glomeraceae	Glomeraceae_spp	Glomeraceae_spp
hotu_1035	LSU	Fungi	Glomeromycota	Glomeromycetes	Gigasporales	Gigasporaceae	Gigaspora	Gigaspora_sp
hotu_1037	LSU	Fungi	Glomeromycota	Glomeromycetes	Diversisporales	Diversisporaceae	Diversispora	Diversispora_sp
hotu_1050	LSU	Fungi	Glomeromycota	Glomeromycetes	Diversisporales	Acaulosporaceae	Acaulospora	Acaulospora_sp
hotu_1077	LSU	Fungi	Glomeromycota	Glomeromycetes	Glomerales	Glomeraceae	Septoglomus	Septoglomus_sp
hotu_1081	LSU	Fungi	Glomeromycota	Glomeromycetes	Glomerales	Glomeraceae	Septoglomus	Septoglomus_sp
hotu_1086	LSU	Fungi	Glomeromycota	Glomeromycetes	Glomerales	Glomeraceae	Glomeraceae_spp	Glomeraceae_spp
hotu_1097	LSU	Fungi	Glomeromycota	Glomeromycetes	Archaeosporales	Ambisporaceae	Ambispora	Ambispora_sp
hotu_1109	LSU	Fungi	Glomeromycota	Glomeromycetes	Diversisporales	Acaulosporaceae	Acaulospora	Acaulospora_sp
hotu_1111	LSU	Fungi	Glomeromycota	Glomeromycetes	Glomerales	Glomeraceae	Glomus	Glomus_sp
hotu_1114	LSU	Fungi	Glomeromycota	Glomeromycetes	Glomerales	Glomeraceae	Glomus	Glomus_sp
hotu_1131	LSU	Fungi	Glomeromycota	Glomeromycetes	Glomerales	Glomeraceae	Glomus	Glomus_sp
hotu_1162	LSU	Fungi	Glomeromycota	Glomeromycetes	Diversisporales	Diversisporaceae	Diversispora	Diversispora_sp
hotu_1169	LSU	Fungi	Glomeromycota	Glomeromycetes	Glomerales	Glomeraceae	Glomus	Glomus_sp
hotu_1175	LSU	Fungi	Glomeromycota	Glomeromycetes	Glomerales	Claroideoglomeraceae	Claroideoglomus	Claroideoglomus_sp
hotu_1190	LSU	Fungi	Glomeromycota	Glomeromycetes	Glomerales	Glomeraceae	Glomeraceae_spp	Glomeraceae_spp
hotu_1227	LSU	Fungi	Glomeromycota	Glomeromycetes	Glomerales	Glomeraceae	Rhizoglomus	Rhizoglomus_sp
hotu_1231	LSU	Fungi	Glomeromycota	Glomeromycetes	Glomerales	Glomeraceae	Rhizoglomus	Rhizoglomus_sp
