taxa_id	marker	Kingdom	Phylum	Class	Order	Family	Genus	Species
masv_1014	LSU	Fungi	Glomeromycota	Clomeromycetes	Glomerales	Dominikiaceae	Dominikiaceae_spp	Dominikiaceae_spp
masv_10306	LSU	Fungi	Glomeromycota	Clomeromycetes	Glomerales	Diversisporaceae	Diversispora	Diversispora_sp
masv_10310	LSU	Fungi	Glomeromycota	Clomeromycetes	Glomerales	Dominikiaceae	Dominikiaceae_spp	Dominikiaceae_spp
masv_10354	LSU	Fungi	Glomeromycota	Clomeromycetes	Glomerales	Glomeraceae	Glomus	Glomus_sp
masv_10384	LSU	Fungi	Glomeromycota	Clomeromycetes	Glomerales	Dominikiaceae	Dominikiaceae_spp	Dominikiaceae_spp
masv_10492	LSU	Fungi	Glomeromycota	Clomeromycetes	Glomerales	Glomerales_spp	Glomerales_spp	Glomerales_spp
masv_10504	LSU	Fungi	Glomeromycota	Clomeromycetes	Glomerales	Diversisporaceae	Diversisporaceae_spp	Diversisporaceae_spp
masv_1066	LSU	Fungi	Glomeromycota	Clomeromycetes	Glomerales	Dominikiaceae	Dominikiaceae_spp	Dominikiaceae_spp
masv_10722	LSU	Fungi	Glomeromycota	Clomeromycetes	Glomerales	Dominikiaceae	Dominikiaceae_spp	Dominikiaceae_spp
masv_10834	LSU	Fungi	Glomeromycota	Clomeromycetes	Glomerales	Sclerocystaceae_Kamienskiaceae	Sclerocystaceae_Kamienskiaceae_spp	Sclerocystaceae_Kamienskiaceae_spp
masv_10835	LSU	Fungi	Glomeromycota	Clomeromycetes	Glomerales	Dominikiaceae	Dominikia	Dominikia_sp
masv_10861	LSU	Fungi	Glomeromycota	Clomeromycetes	Glomerales	Dominikiaceae	Dominikiaceae_spp	Dominikiaceae_spp
masv_11012	LSU	Fungi	Glomeromycota	Clomeromycetes	Glomerales	Dominikiaceae	Dominikiaceae_spp	Dominikiaceae_spp
masv_11013	LSU	Fungi	Glomeromycota	Clomeromycetes	Glomerales	Dominikiaceae	Dominikiaceae_spp	Dominikiaceae_spp
masv_1107	LSU	Fungi	Glomeromycota	Clomeromycetes	Glomerales	Paraglomeraceae	Paraglomus	Paraglomus_sp
masv_11137	LSU	Fungi	Glomeromycota	Clomeromycetes	Glomerales	Glomerales_spp	Glomerales_spp	Glomerales_spp
masv_11176	LSU	Fungi	Glomeromycota	Clomeromycetes	Glomerales	Entrophosporaceae	Entrophospora	Entrophospora_sp
masv_11445	LSU	Fungi	Glomeromycota	Clomeromycetes	Glomerales	Entrophosporaceae	Entrophospora	Entrophospora_sp
masv_1146	LSU	Fungi	Glomeromycota	Clomeromycetes	Glomerales	Glomerales_spp	Glomerales_spp	Glomerales_spp
masv_11481	LSU	Fungi	Glomeromycota	Clomeromycetes	Glomerales	Dominikiaceae	Dominikiaceae_spp	Dominikiaceae_spp
masv_11482	LSU	Fungi	Glomeromycota	Clomeromycetes	Glomerales	Dominikiaceae	Dominikiaceae_spp	Dominikiaceae_spp
masv_11483	LSU	Fungi	Glomeromycota	Clomeromycetes	Glomerales	Dominikiaceae	Dominikiaceae_spp	Dominikiaceae_spp
masv_1152	LSU	Fungi	Glomeromycota	Clomeromycetes	Glomerales	Entrophosporaceae	Entrophospora	Entrophospora_sp
masv_1154	LSU	Fungi	Glomeromycota	Clomeromycetes	Glomerales	Entrophosporaceae	Entrophospora	Entrophospora_sp
masv_11623	LSU	Fungi	Glomeromycota	Clomeromycetes	Glomerales	Entrophosporaceae	Entrophospora	Entrophospora_sp
masv_1171	LSU	Fungi	Glomeromycota	Clomeromycetes	Glomerales	Entrophosporaceae	Entrophospora	Entrophospora_sp
masv_11710	LSU	Fungi	Glomeromycota	Clomeromycetes	Glomerales	Dominikiaceae	Dominikia	Dominikia_sp
masv_11769	LSU	Fungi	Glomeromycota	Clomeromycetes	Glomerales	Glomeraceae	Complexispora	Complexispora_sp
masv_11775	LSU	Fungi	Glomeromycota	Clomeromycetes	Glomerales	Dominikiaceae	Dominikia	Dominikia_sp
masv_11893	LSU	Fungi	Glomeromycota	Clomeromycetes	Glomerales	Entrophosporaceae	Entrophospora	Entrophospora_sp
masv_11935	LSU	Fungi	Glomeromycota	Clomeromycetes	Glomerales	Dominikiaceae	Dominikiaceae_spp	Dominikiaceae_spp
masv_12022	LSU	Fungi	Glomeromycota	Clomeromycetes	Glomerales	Entrophosporaceae	Entrophospora	Entrophospora_sp
masv_12068	LSU	Fungi	Glomeromycota	Clomeromycetes	Glomerales	Dominikiaceae	Dominikia	Dominikia_sp
masv_12118	LSU	Fungi	Glomeromycota	Clomeromycetes	Glomerales	Septoglomeraceae	Septoglomus	Septoglomus_sp
masv_1221	LSU	Fungi	Glomeromycota	Clomeromycetes	Glomerales	Paraglomeraceae	Paraglomus	Paraglomus_sp
masv_12333	LSU	Fungi	Glomeromycota	Clomeromycetes	Glomerales	Dominikiaceae	Dominikia	Dominikia_sp
masv_1239	LSU	Fungi	Glomeromycota	Clomeromycetes	Glomerales	Paraglomeraceae	Paraglomus	Paraglomus_sp
masv_1245	LSU	Fungi	Glomeromycota	Clomeromycetes	Glomerales	Sclerocystaceae_Kamienskiaceae	Sclerocystaceae_Kamienskiaceae_spp	Sclerocystaceae_Kamienskiaceae_spp
masv_12450	LSU	Fungi	Glomeromycota	Clomeromycetes	Glomerales	Dominikiaceae	Dominikiaceae_spp	Dominikiaceae_spp
masv_12468	LSU	Fungi	Glomeromycota	Clomeromycetes	Glomerales	Entrophosporaceae	Entrophospora	Entrophospora_sp
masv_12471	LSU	Fungi	Glomeromycota	Clomeromycetes	Glomerales	Dominikiaceae	Dominikia	Dominikia_sp
masv_12487	LSU	Fungi	Glomeromycota	Clomeromycetes	Glomerales	Glomerales_spp	Glomerales_spp	Glomerales_spp
masv_1250	LSU	Fungi	Glomeromycota	Clomeromycetes	Glomerales	Dominikiaceae	Dominikiaceae_spp	Dominikiaceae_spp
masv_12575	LSU	Fungi	Glomeromycota	Clomeromycetes	Glomerales	Dominikiaceae	Dominikiaceae_spp	Dominikiaceae_spp
masv_12586	LSU	Fungi	Glomeromycota	Clomeromycetes	Glomerales	Paraglomeraceae	Paraglomus	Paraglomus_sp
masv_12602	LSU	Fungi	Glomeromycota	Clomeromycetes	Glomerales	Entrophosporaceae	Entrophospora	Entrophospora_sp
masv_12679	LSU	Fungi	Glomeromycota	Clomeromycetes	Glomerales	Glomerales_spp	Glomerales_spp	Glomerales_spp
masv_12680	LSU	Fungi	Glomeromycota	Clomeromycetes	Glomerales	Glomerales_spp	Glomerales_spp	Glomerales_spp
masv_12709	LSU	Fungi	Glomeromycota	Clomeromycetes	Glomerales	Entrophosporaceae	Entrophospora	Entrophospora_sp
masv_12831	LSU	Fungi	Glomeromycota	Clomeromycetes	Glomerales	Dominikiaceae	Dominikiaceae_spp	Dominikiaceae_spp
masv_12852	LSU	Fungi	Glomeromycota	Clomeromycetes	Glomerales	Dominikiaceae	Nanoglomus	Nanoglomus_sp
masv_12855	LSU	Fungi	Glomeromycota	Clomeromycetes	Glomerales	Dominikiaceae	Dominikia	Dominikia_sp
masv_12886	LSU	Fungi	Glomeromycota	Clomeromycetes	Glomerales	Ambisporaceae	Ambispora	Ambispora_sp
masv_1294	LSU	Fungi	Glomeromycota	Clomeromycetes	Glomerales	Sclerocystaceae_Kamienskiaceae	Sclerocystaceae_Kamienskiaceae_spp	Sclerocystaceae_Kamienskiaceae_spp
masv_12985	LSU	Fungi	Glomeromycota	Clomeromycetes	Glomerales	Sclerocystaceae_Kamienskiaceae	Rhizophagus	Rhizophagus_sp
masv_1301	LSU	Fungi	Glomeromycota	Clomeromycetes	Glomerales	Dominikiaceae	Dominikia	Dominikia_sp
masv_13288	LSU	Fungi	Glomeromycota	Clomeromycetes	Glomerales	Entrophosporaceae	Entrophospora	Entrophospora_sp
masv_13291	LSU	Fungi	Glomeromycota	Clomeromycetes	Glomerales	Septoglomeraceae	Septoglomus	Septoglomus_sp
masv_13319	LSU	Fungi	Glomeromycota	Clomeromycetes	Glomerales	Entrophosporaceae	Entrophospora	Entrophospora_sp
masv_13320	LSU	Fungi	Glomeromycota	Clomeromycetes	Glomerales	Diversisporaceae	Paracorymbiglomus	Paracorymbiglomus_sp
masv_13394	LSU	Fungi	Glomeromycota	Clomeromycetes	Glomerales	Dominikiaceae	Dominikia	Dominikia_sp
masv_13419	LSU	Fungi	Glomeromycota	Clomeromycetes	Glomerales	Dominikiaceae	Dominikiaceae_spp	Dominikiaceae_spp
masv_13681	LSU	Fungi	Glomeromycota	Clomeromycetes	Glomerales	Dominikiaceae	Dominikiaceae_spp	Dominikiaceae_spp
masv_13767	LSU	Fungi	Glomeromycota	Clomeromycetes	Glomerales	Dominikiaceae	Dominikiaceae_spp	Dominikiaceae_spp
masv_13866	LSU	Fungi	Glomeromycota	Clomeromycetes	Glomerales	Diversisporaceae	Diversisporaceae_spp	Diversisporaceae_spp
masv_13968	LSU	Fungi	Glomeromycota	Clomeromycetes	Glomerales	Entrophosporaceae	Entrophospora	Entrophospora_sp
masv_14058	LSU	Fungi	Glomeromycota	Clomeromycetes	Glomerales	Paraglomeraceae	Paraglomus	Paraglomus_sp
masv_14195	LSU	Fungi	Glomeromycota	Clomeromycetes	Glomerales	Sclerocystaceae_Kamienskiaceae	Rhizophagus	Rhizophagus_sp
masv_14308	LSU	Fungi	Glomeromycota	Clomeromycetes	Glomerales	Entrophosporaceae	Entrophospora	Entrophospora_sp
masv_1435	LSU	Fungi	Glomeromycota	Clomeromycetes	Glomerales	Dominikiaceae	Dominikiaceae_spp	Dominikiaceae_spp
masv_14365	LSU	Fungi	Glomeromycota	Clomeromycetes	Glomerales	Dominikiaceae	Dominikia	Dominikia_sp
masv_1437	LSU	Fungi	Glomeromycota	Clomeromycetes	Glomerales	Dominikiaceae	Dominikiaceae_spp	Dominikiaceae_spp
masv_14463	LSU	Fungi	Glomeromycota	Clomeromycetes	Glomerales	Paraglomeraceae	Paraglomus	Paraglomus_sp
masv_14678	LSU	Fungi	Glomeromycota	Clomeromycetes	Glomerales	Entrophosporaceae	Entrophospora	Entrophospora_sp
masv_14688	LSU	Fungi	Glomeromycota	Clomeromycetes	Glomerales	Glomerales_spp	Glomerales_spp	Glomerales_spp
masv_14735	LSU	Fungi	Glomeromycota	Clomeromycetes	Glomerales	Glomerales_spp	Glomerales_spp	Glomerales_spp
masv_14924	LSU	Fungi	Glomeromycota	Clomeromycetes	Glomerales	Glomerales_spp	Glomerales_spp	Glomerales_spp
masv_14928	LSU	Fungi	Glomeromycota	Clomeromycetes	Glomerales	Glomerales_spp	Glomerales_spp	Glomerales_spp
masv_14933	LSU	Fungi	Glomeromycota	Clomeromycetes	Glomerales	Paraglomeraceae	Paraglomus	Paraglomus_sp
masv_1502	LSU	Fungi	Glomeromycota	Clomeromycetes	Glomerales	Entrophosporaceae	Entrophospora	Entrophospora_sp
masv_15088	LSU	Fungi	Glomeromycota	Clomeromycetes	Glomerales	Entrophosporaceae	Entrophospora	Entrophospora_sp
masv_15097	LSU	Fungi	Glomeromycota	Clomeromycetes	Glomerales	Entrophosporaceae	Entrophospora	Entrophospora_sp
masv_15210	LSU	Fungi	Glomeromycota	Clomeromycetes	Glomerales	Glomeraceae	Glomus	Glomus_sp
masv_15394	LSU	Fungi	Glomeromycota	Clomeromycetes	Glomerales	Dominikiaceae	Dominikia	Dominikia_sp
masv_15457	LSU	Fungi	Glomeromycota	Clomeromycetes	Glomerales	Paraglomeraceae	Paraglomus	Paraglomus_sp
masv_15472	LSU	Fungi	Glomeromycota	Clomeromycetes	Glomerales	Glomeraceae	Glomeraceae_spp	Glomeraceae_spp
masv_15499	LSU	Fungi	Glomeromycota	Clomeromycetes	Glomerales	Glomerales_spp	Glomerales_spp	Glomerales_spp
masv_15540	LSU	Fungi	Glomeromycota	Clomeromycetes	Glomerales	Dominikiaceae	Dominikiaceae_spp	Dominikiaceae_spp
masv_15624	LSU	Fungi	Glomeromycota	Clomeromycetes	Glomerales	Dominikiaceae	Dominikia	Dominikia_sp
masv_15642	LSU	Fungi	Glomeromycota	Clomeromycetes	Glomerales	Dominikiaceae	Dominikiaceae_spp	Dominikiaceae_spp
masv_15680	LSU	Fungi	Glomeromycota	Clomeromycetes	Glomerales	Dominikiaceae	Dominikia	Dominikia_sp
masv_15683	LSU	Fungi	Glomeromycota	Clomeromycetes	Glomerales	Dominikiaceae	Dominikiaceae_spp	Dominikiaceae_spp
masv_15740	LSU	Fungi	Glomeromycota	Clomeromycetes	Glomerales	Dominikiaceae	Dominikiaceae_spp	Dominikiaceae_spp
masv_15796	LSU	Fungi	Glomeromycota	Clomeromycetes	Glomerales	Paraglomeraceae	Paraglomus	Paraglomus_sp
masv_15807	LSU	Fungi	Glomeromycota	Clomeromycetes	Glomerales	Paraglomeraceae	Paraglomus	Paraglomus_sp
masv_15827	LSU	Fungi	Glomeromycota	Clomeromycetes	Glomerales	Entrophosporaceae	Entrophospora	Entrophospora_sp
masv_15845	LSU	Fungi	Glomeromycota	Clomeromycetes	Glomerales	Sclerocystaceae_Kamienskiaceae	Sclerocystaceae_Kamienskiaceae_spp	Sclerocystaceae_Kamienskiaceae_spp
masv_15946	LSU	Fungi	Glomeromycota	Clomeromycetes	Glomerales	Diversisporaceae	Diversisporaceae_spp	Diversisporaceae_spp
masv_15961	LSU	Fungi	Glomeromycota	Clomeromycetes	Glomerales	Dominikiaceae	Dominikiaceae_spp	Dominikiaceae_spp
masv_15990	LSU	Fungi	Glomeromycota	Clomeromycetes	Glomerales	Dominikiaceae	Dominikiaceae_spp	Dominikiaceae_spp
masv_16117	LSU	Fungi	Glomeromycota	Clomeromycetes	Glomerales	Sclerocystaceae_Kamienskiaceae	Rhizophagus	Rhizophagus_sp
masv_16142	LSU	Fungi	Glomeromycota	Clomeromycetes	Glomerales	Dominikiaceae	Dominikiaceae_spp	Dominikiaceae_spp
masv_1628	LSU	Fungi	Glomeromycota	Clomeromycetes	Glomerales	Dominikiaceae	Dominikiaceae_spp	Dominikiaceae_spp
masv_16407	LSU	Fungi	Glomeromycota	Clomeromycetes	Glomerales	Glomerales_spp	Glomerales_spp	Glomerales_spp
masv_16412	LSU	Fungi	Glomeromycota	Clomeromycetes	Glomerales	Sclerocystaceae_Kamienskiaceae	Sclerocystaceae_Kamienskiaceae_spp	Sclerocystaceae_Kamienskiaceae_spp
masv_16476	LSU	Fungi	Glomeromycota	Clomeromycetes	Glomerales	Dominikiaceae	Dominikiaceae_spp	Dominikiaceae_spp
masv_16483	LSU	Fungi	Glomeromycota	Clomeromycetes	Glomerales	Paraglomeraceae	Paraglomus	Paraglomus_sp
masv_1650	LSU	Fungi	Glomeromycota	Clomeromycetes	Glomerales	Paraglomeraceae	Paraglomus	Paraglomus_sp
masv_1653	LSU	Fungi	Glomeromycota	Clomeromycetes	Glomerales	Dominikiaceae	Dominikiaceae_spp	Dominikiaceae_spp
masv_16601	LSU	Fungi	Glomeromycota	Clomeromycetes	Glomerales	Diversisporaceae	Diversisporaceae_spp	Diversisporaceae_spp
masv_1661	LSU	Fungi	Glomeromycota	Clomeromycetes	Glomerales	Entrophosporaceae	Entrophospora	Entrophospora_sp
masv_16620	LSU	Fungi	Glomeromycota	Clomeromycetes	Glomerales	Septoglomeraceae	Septoglomus	Septoglomus_sp
masv_16653	LSU	Fungi	Glomeromycota	Clomeromycetes	Glomerales	Glomerales_spp	Glomerales_spp	Glomerales_spp
masv_16860	LSU	Fungi	Glomeromycota	Clomeromycetes	Glomerales	Dominikiaceae	Dominikiaceae_spp	Dominikiaceae_spp
masv_16861	LSU	Fungi	Glomeromycota	Clomeromycetes	Glomerales	Dominikiaceae	Dominikia	Dominikia_sp
masv_1689	LSU	Fungi	Glomeromycota	Clomeromycetes	Glomerales	Dominikiaceae	Dominikiaceae_spp	Dominikiaceae_spp
masv_1690	LSU	Fungi	Glomeromycota	Clomeromycetes	Glomerales	Dominikiaceae	Dominikiaceae_spp	Dominikiaceae_spp
masv_16989	LSU	Fungi	Glomeromycota	Clomeromycetes	Glomerales	Dominikiaceae	Dominikia	Dominikia_sp
masv_17078	LSU	Fungi	Glomeromycota	Clomeromycetes	Glomerales	Entrophosporaceae	Entrophospora	Entrophospora_sp
masv_17129	LSU	Fungi	Glomeromycota	Clomeromycetes	Glomerales	Paraglomeraceae	Paraglomus	Paraglomus_sp
masv_17136	LSU	Fungi	Glomeromycota	Clomeromycetes	Glomerales	Glomerales_spp	Glomerales_spp	Glomerales_spp
masv_17140	LSU	Fungi	Glomeromycota	Clomeromycetes	Glomerales	Septoglomeraceae	Septoglomeraceae_spp	Septoglomeraceae_spp
masv_172	LSU	Fungi	Glomeromycota	Clomeromycetes	Glomerales	Entrophosporaceae	Entrophospora	Entrophospora_sp
masv_1724	LSU	Fungi	Glomeromycota	Clomeromycetes	Glomerales	Dominikiaceae	Dominikiaceae_spp	Dominikiaceae_spp
masv_17342	LSU	Fungi	Glomeromycota	Clomeromycetes	Glomerales	Dominikiaceae	Dominikiaceae_spp	Dominikiaceae_spp
masv_17486	LSU	Fungi	Glomeromycota	Clomeromycetes	Glomerales	Paraglomeraceae	Paraglomus	Paraglomus_sp
masv_1749	LSU	Fungi	Glomeromycota	Clomeromycetes	Glomerales	Dominikiaceae	Dominikiaceae_spp	Dominikiaceae_spp
masv_1750	LSU	Fungi	Glomeromycota	Clomeromycetes	Glomerales	Septoglomeraceae	Septoglomus	Septoglomus_sp
masv_17520	LSU	Fungi	Glomeromycota	Clomeromycetes	Glomerales	Sclerocystaceae_Kamienskiaceae	Sclerocystaceae_Kamienskiaceae_spp	Sclerocystaceae_Kamienskiaceae_spp
masv_17542	LSU	Fungi	Glomeromycota	Clomeromycetes	Glomerales	Septoglomeraceae	Septoglomus	Septoglomus_sp
masv_1766	LSU	Fungi	Glomeromycota	Clomeromycetes	Glomerales	Dominikiaceae	Dominikiaceae_spp	Dominikiaceae_spp
masv_177	LSU	Fungi	Glomeromycota	Clomeromycetes	Glomerales	Sclerocystaceae_Kamienskiaceae	Kamienskia	Kamienskia_sp
masv_17708	LSU	Fungi	Glomeromycota	Clomeromycetes	Glomerales	Sclerocystaceae_Kamienskiaceae	Sclerocystaceae_Kamienskiaceae_spp	Sclerocystaceae_Kamienskiaceae_spp
masv_17725	LSU	Fungi	Glomeromycota	Clomeromycetes	Glomerales	Dominikiaceae	Dominikia	Dominikia_sp
masv_1777	LSU	Fungi	Glomeromycota	Clomeromycetes	Glomerales	Entrophosporaceae	Entrophospora	Entrophospora_sp
masv_1782	LSU	Fungi	Glomeromycota	Clomeromycetes	Glomerales	Septoglomeraceae	Septoglomus	Septoglomus_sp
masv_180	LSU	Fungi	Glomeromycota	Clomeromycetes	Glomerales	Septoglomeraceae	Septoglomeraceae_spp	Septoglomeraceae_spp
masv_18043	LSU	Fungi	Glomeromycota	Clomeromycetes	Glomerales	Dominikiaceae	Dominikia	Dominikia_sp
masv_18255	LSU	Fungi	Glomeromycota	Clomeromycetes	Glomerales	Dominikiaceae	Dominikiaceae_spp	Dominikiaceae_spp
masv_18483	LSU	Fungi	Glomeromycota	Clomeromycetes	Glomerales	Entrophosporaceae	Entrophospora	Entrophospora_sp
masv_18490	LSU	Fungi	Glomeromycota	Clomeromycetes	Glomerales	Dominikiaceae	Dominikiaceae_spp	Dominikiaceae_spp
masv_18542	LSU	Fungi	Glomeromycota	Clomeromycetes	Glomerales	Septoglomeraceae	Septoglomus	Septoglomus_sp
masv_1855	LSU	Fungi	Glomeromycota	Clomeromycetes	Glomerales	Entrophosporaceae	Entrophospora	Entrophospora_sp
masv_1865	LSU	Fungi	Glomeromycota	Clomeromycetes	Glomerales	Dominikiaceae	Dominikia	Dominikia_sp
masv_18695	LSU	Fungi	Glomeromycota	Clomeromycetes	Glomerales	Septoglomeraceae	Funneliformis	Funneliformis_sp
masv_18711	LSU	Fungi	Glomeromycota	Clomeromycetes	Glomerales	Entrophosporaceae	Entrophospora	Entrophospora_sp
masv_18764	LSU	Fungi	Glomeromycota	Clomeromycetes	Glomerales	Gigasporaceae	Gigaspora	Gigaspora_sp
masv_18771	LSU	Fungi	Glomeromycota	Clomeromycetes	Glomerales	Dominikiaceae	Dominikiaceae_spp	Dominikiaceae_spp
masv_18914	LSU	Fungi	Glomeromycota	Clomeromycetes	Glomerales	Entrophosporaceae	Entrophospora	Entrophospora_sp
masv_18986	LSU	Fungi	Glomeromycota	Clomeromycetes	Glomerales	Dominikiaceae	Dominikia	Dominikia_sp
masv_1904	LSU	Fungi	Glomeromycota	Clomeromycetes	Glomerales	Sclerocystaceae_Kamienskiaceae	Sclerocystaceae_Kamienskiaceae_spp	Sclerocystaceae_Kamienskiaceae_spp
masv_19082	LSU	Fungi	Glomeromycota	Clomeromycetes	Glomerales	Dominikiaceae	Dominikia	Dominikia_sp
masv_19117	LSU	Fungi	Glomeromycota	Clomeromycetes	Glomerales	Sclerocystaceae_Kamienskiaceae	Rhizophagus	Rhizophagus_sp
masv_1914	LSU	Fungi	Glomeromycota	Clomeromycetes	Glomerales	Paraglomeraceae	Paraglomus	Paraglomus_sp
masv_19451	LSU	Fungi	Glomeromycota	Clomeromycetes	Glomerales	Entrophosporaceae	Entrophospora	Entrophospora_sp
masv_19571	LSU	Fungi	Glomeromycota	Clomeromycetes	Glomerales	Sclerocystaceae_Kamienskiaceae	Rhizophagus	Rhizophagus_sp
masv_1961	LSU	Fungi	Glomeromycota	Clomeromycetes	Glomerales	Paraglomeraceae	Paraglomus	Paraglomus_sp
masv_19615	LSU	Fungi	Glomeromycota	Clomeromycetes	Glomerales	Septoglomeraceae	Septoglomeraceae_spp	Septoglomeraceae_spp
masv_19639	LSU	Fungi	Glomeromycota	Clomeromycetes	Glomerales	Dominikiaceae	Dominikiaceae_spp	Dominikiaceae_spp
masv_19683	LSU	Fungi	Glomeromycota	Clomeromycetes	Glomerales	Dominikiaceae	Dominikiaceae_spp	Dominikiaceae_spp
masv_19694	LSU	Fungi	Glomeromycota	Clomeromycetes	Glomerales	Paraglomeraceae	Paraglomus	Paraglomus_sp
masv_19810	LSU	Fungi	Glomeromycota	Clomeromycetes	Glomerales	Entrophosporaceae	Entrophospora	Entrophospora_sp
masv_19930	LSU	Fungi	Glomeromycota	Clomeromycetes	Glomerales	Dominikiaceae	Dominikia	Dominikia_sp
masv_19945	LSU	Fungi	Glomeromycota	Clomeromycetes	Glomerales	Entrophosporaceae	Entrophospora	Entrophospora_sp
masv_20053	LSU	Fungi	Glomeromycota	Clomeromycetes	Glomerales	Septoglomeraceae	Funneliformis	Funneliformis_sp
masv_20055	LSU	Fungi	Glomeromycota	Clomeromycetes	Glomerales	Dominikiaceae	Dominikiaceae_spp	Dominikiaceae_spp
masv_2006	LSU	Fungi	Glomeromycota	Clomeromycetes	Glomerales	Glomerales_spp	Glomerales_spp	Glomerales_spp
masv_20094	LSU	Fungi	Glomeromycota	Clomeromycetes	Glomerales	Entrophosporaceae	Entrophospora	Entrophospora_sp
masv_20176	LSU	Fungi	Glomeromycota	Clomeromycetes	Glomerales	Dominikiaceae	Dominikia	Dominikia_sp
masv_2021	LSU	Fungi	Glomeromycota	Clomeromycetes	Glomerales	Dominikiaceae	Dominikiaceae_spp	Dominikiaceae_spp
masv_20210	LSU	Fungi	Glomeromycota	Clomeromycetes	Glomerales	Glomerales_spp	Glomerales_spp	Glomerales_spp
masv_20239	LSU	Fungi	Glomeromycota	Clomeromycetes	Glomerales	Paraglomeraceae	Paraglomus	Paraglomus_sp
masv_20286	LSU	Fungi	Glomeromycota	Clomeromycetes	Glomerales	Glomeraceae	Glomus	Glomus_sp
masv_20534	LSU	Fungi	Glomeromycota	Clomeromycetes	Glomerales	Dominikiaceae	Dominikiaceae_spp	Dominikiaceae_spp
masv_20622	LSU	Fungi	Glomeromycota	Clomeromycetes	Glomerales	Glomerales_spp	Glomerales_spp	Glomerales_spp
masv_20668	LSU	Fungi	Glomeromycota	Clomeromycetes	Glomerales	Dominikiaceae	Dominikia	Dominikia_sp
masv_20736	LSU	Fungi	Glomeromycota	Clomeromycetes	Glomerales	Entrophosporaceae	Entrophospora	Entrophospora_sp
masv_20800	LSU	Fungi	Glomeromycota	Clomeromycetes	Glomerales	Entrophosporaceae	Entrophospora	Entrophospora_sp
masv_20976	LSU	Fungi	Glomeromycota	Clomeromycetes	Glomerales	Septoglomeraceae	Septoglomus	Septoglomus_sp
masv_2105	LSU	Fungi	Glomeromycota	Clomeromycetes	Glomerales	Dominikiaceae	Dominikiaceae_spp	Dominikiaceae_spp
masv_2110	LSU	Fungi	Glomeromycota	Clomeromycetes	Glomerales	Sclerocystaceae_Kamienskiaceae	Sclerocystaceae_Kamienskiaceae_spp	Sclerocystaceae_Kamienskiaceae_spp
masv_21111	LSU	Fungi	Glomeromycota	Clomeromycetes	Glomerales	Entrophosporaceae	Entrophospora	Entrophospora_sp
masv_2115	LSU	Fungi	Glomeromycota	Clomeromycetes	Glomerales	Dominikiaceae	Dominikiaceae_spp	Dominikiaceae_spp
masv_21218	LSU	Fungi	Glomeromycota	Clomeromycetes	Glomerales	Sclerocystaceae_Kamienskiaceae	Sclerocystaceae_Kamienskiaceae_spp	Sclerocystaceae_Kamienskiaceae_spp
masv_21282	LSU	Fungi	Glomeromycota	Clomeromycetes	Glomerales	Entrophosporaceae	Entrophospora	Entrophospora_sp
masv_21312	LSU	Fungi	Glomeromycota	Clomeromycetes	Glomerales	Entrophosporaceae	Entrophospora	Entrophospora_sp
masv_21473	LSU	Fungi	Glomeromycota	Clomeromycetes	Glomerales	Diversisporaceae	Diversispora	Diversispora_sp
masv_21474	LSU	Fungi	Glomeromycota	Clomeromycetes	Glomerales	Dominikiaceae	Dominikiaceae_spp	Dominikiaceae_spp
masv_21515	LSU	Fungi	Glomeromycota	Clomeromycetes	Glomerales	Dominikiaceae	Dominikia	Dominikia_sp
masv_2152	LSU	Fungi	Glomeromycota	Clomeromycetes	Glomerales	Septoglomeraceae	Septoglomeraceae_spp	Septoglomeraceae_spp
masv_21555	LSU	Fungi	Glomeromycota	Clomeromycetes	Glomerales	Ambisporaceae	Ambispora	Ambispora_sp
masv_2165	LSU	Fungi	Glomeromycota	Clomeromycetes	Glomerales	Entrophosporaceae	Entrophospora	Entrophospora_sp
masv_21738	LSU	Fungi	Glomeromycota	Clomeromycetes	Glomerales	Entrophosporaceae	Entrophospora	Entrophospora_sp
masv_21842	LSU	Fungi	Glomeromycota	Clomeromycetes	Glomerales	Paraglomeraceae	Paraglomus	Paraglomus_sp
masv_21944	LSU	Fungi	Glomeromycota	Clomeromycetes	Glomerales	Entrophosporaceae	Entrophospora	Entrophospora_sp
masv_21965	LSU	Fungi	Glomeromycota	Clomeromycetes	Glomerales	Entrophosporaceae	Entrophospora	Entrophospora_sp
masv_2209	LSU	Fungi	Glomeromycota	Clomeromycetes	Glomerales	Glomerales_spp	Glomerales_spp	Glomerales_spp
masv_2229	LSU	Fungi	Glomeromycota	Clomeromycetes	Glomerales	Paraglomeraceae	Paraglomus	Paraglomus_sp
masv_22405	LSU	Fungi	Glomeromycota	Clomeromycetes	Glomerales	Paraglomeraceae	Paraglomus	Paraglomus_sp
masv_22408	LSU	Fungi	Glomeromycota	Clomeromycetes	Glomerales	Paraglomeraceae	Paraglomus	Paraglomus_sp
masv_22521	LSU	Fungi	Glomeromycota	Clomeromycetes	Glomerales	Dominikiaceae	Dominikia	Dominikia_sp
masv_22529	LSU	Fungi	Glomeromycota	Clomeromycetes	Glomerales	Entrophosporaceae	Entrophospora	Entrophospora_sp
masv_22534	LSU	Fungi	Glomeromycota	Clomeromycetes	Glomerales	Glomerales_spp	Glomerales_spp	Glomerales_spp
masv_22558	LSU	Fungi	Glomeromycota	Clomeromycetes	Glomerales	Glomeraceae	Complexispora	Complexispora_sp
masv_2287	LSU	Fungi	Glomeromycota	Clomeromycetes	Glomerales	Dominikiaceae	Dominikiaceae_spp	Dominikiaceae_spp
masv_23012	LSU	Fungi	Glomeromycota	Clomeromycetes	Glomerales	Sclerocystaceae_Kamienskiaceae	Rhizophagus	Rhizophagus_sp
masv_2306	LSU	Fungi	Glomeromycota	Clomeromycetes	Glomerales	Dominikiaceae	Dominikia	Dominikia_sp
masv_23091	LSU	Fungi	Glomeromycota	Clomeromycetes	Glomerales	Dominikiaceae	Dominikia	Dominikia_sp
masv_2325	LSU	Fungi	Glomeromycota	Clomeromycetes	Glomerales	Glomerales_spp	Glomerales_spp	Glomerales_spp
masv_23261	LSU	Fungi	Glomeromycota	Clomeromycetes	Glomerales	Sclerocystaceae_Kamienskiaceae	Rhizophagus	Rhizophagus_sp
masv_2329	LSU	Fungi	Glomeromycota	Clomeromycetes	Glomerales	Entrophosporaceae	Entrophospora	Entrophospora_sp
masv_23394	LSU	Fungi	Glomeromycota	Clomeromycetes	Glomerales	Paraglomeraceae	Paraglomus	Paraglomus_sp
masv_23462	LSU	Fungi	Glomeromycota	Clomeromycetes	Glomerales	Diversisporaceae	Diversisporaceae_spp	Diversisporaceae_spp
masv_2354	LSU	Fungi	Glomeromycota	Clomeromycetes	Glomerales	Dominikiaceae	Dominikiaceae_spp	Dominikiaceae_spp
masv_23696	LSU	Fungi	Glomeromycota	Clomeromycetes	Glomerales	Dominikiaceae	Dominikia	Dominikia_sp
masv_23705	LSU	Fungi	Glomeromycota	Clomeromycetes	Glomerales	Dominikiaceae	Dominikia	Dominikia_sp
masv_23715	LSU	Fungi	Glomeromycota	Clomeromycetes	Glomerales	Sclerocystaceae_Kamienskiaceae	Rhizophagus	Rhizophagus_sp
masv_2379	LSU	Fungi	Glomeromycota	Clomeromycetes	Glomerales	Sclerocystaceae_Kamienskiaceae	Rhizophagus	Rhizophagus_sp
masv_23827	LSU	Fungi	Glomeromycota	Clomeromycetes	Glomerales	Glomerales_spp	Glomerales_spp	Glomerales_spp
masv_24100	LSU	Fungi	Glomeromycota	Clomeromycetes	Glomerales	Sclerocystaceae_Kamienskiaceae	Rhizophagus	Rhizophagus_sp
masv_2415	LSU	Fungi	Glomeromycota	Clomeromycetes	Glomerales	Paraglomeraceae	Paraglomus	Paraglomus_sp
masv_24194	LSU	Fungi	Glomeromycota	Clomeromycetes	Glomerales	Ambisporaceae	Ambispora	Ambispora_sp
masv_24203	LSU	Fungi	Glomeromycota	Clomeromycetes	Glomerales	Paraglomeraceae	Paraglomus	Paraglomus_sp
masv_24431	LSU	Fungi	Glomeromycota	Clomeromycetes	Glomerales	Gigasporaceae	Cetraspora	Cetraspora_sp
masv_24461	LSU	Fungi	Glomeromycota	Clomeromycetes	Glomerales	Glomerales_spp	Glomerales_spp	Glomerales_spp
masv_24466	LSU	Fungi	Glomeromycota	Clomeromycetes	Glomerales	Paraglomeraceae	Paraglomus	Paraglomus_sp
masv_24529	LSU	Fungi	Glomeromycota	Clomeromycetes	Glomerales	Diversisporaceae	Diversisporaceae_spp	Diversisporaceae_spp
masv_2453	LSU	Fungi	Glomeromycota	Clomeromycetes	Glomerales	Glomerales_spp	Glomerales_spp	Glomerales_spp
masv_24556	LSU	Fungi	Glomeromycota	Clomeromycetes	Glomerales	Septoglomeraceae	Septoglomus	Septoglomus_sp
masv_24574	LSU	Fungi	Glomeromycota	Clomeromycetes	Glomerales	Dominikiaceae	Dominikia	Dominikia_sp
masv_24648	LSU	Fungi	Glomeromycota	Clomeromycetes	Glomerales	Dominikiaceae	Dominikiaceae_spp	Dominikiaceae_spp
masv_2478	LSU	Fungi	Glomeromycota	Clomeromycetes	Glomerales	Glomerales_spp	Glomerales_spp	Glomerales_spp
masv_24924	LSU	Fungi	Glomeromycota	Clomeromycetes	Glomerales	Septoglomeraceae	Septoglomus	Septoglomus_sp
masv_24929	LSU	Fungi	Glomeromycota	Clomeromycetes	Glomerales	Septoglomeraceae	Septoglomus	Septoglomus_sp
masv_24931	LSU	Fungi	Glomeromycota	Clomeromycetes	Glomerales	Glomerales_spp	Glomerales_spp	Glomerales_spp
masv_2514	LSU	Fungi	Glomeromycota	Clomeromycetes	Glomerales	Dominikiaceae	Dominikiaceae_spp	Dominikiaceae_spp
masv_25145	LSU	Fungi	Glomeromycota	Clomeromycetes	Glomerales	Dominikiaceae	Dominikiaceae_spp	Dominikiaceae_spp
masv_2520	LSU	Fungi	Glomeromycota	Clomeromycetes	Glomerales	Sclerocystaceae_Kamienskiaceae	Sclerocystaceae_Kamienskiaceae_spp	Sclerocystaceae_Kamienskiaceae_spp
masv_25210	LSU	Fungi	Glomeromycota	Clomeromycetes	Glomerales	Septoglomeraceae	Septoglomeraceae_spp	Septoglomeraceae_spp
masv_25211	LSU	Fungi	Glomeromycota	Clomeromycetes	Glomerales	Glomeraceae	Complexispora	Complexispora_sp
masv_25227	LSU	Fungi	Glomeromycota	Clomeromycetes	Glomerales	Dominikiaceae	Nanoglomus	Nanoglomus_sp
masv_25283	LSU	Fungi	Glomeromycota	Clomeromycetes	Glomerales	Glomerales_spp	Glomerales_spp	Glomerales_spp
masv_253	LSU	Fungi	Glomeromycota	Clomeromycetes	Glomerales	Dominikiaceae	Dominikiaceae_spp	Dominikiaceae_spp
masv_25311	LSU	Fungi	Glomeromycota	Clomeromycetes	Glomerales	Entrophosporaceae	Entrophospora	Entrophospora_sp
masv_25314	LSU	Fungi	Glomeromycota	Clomeromycetes	Glomerales	Paraglomeraceae	Paraglomus	Paraglomus_sp
masv_2532	LSU	Fungi	Glomeromycota	Clomeromycetes	Glomerales	Paraglomeraceae	Paraglomus	Paraglomus_sp
masv_25327	LSU	Fungi	Glomeromycota	Clomeromycetes	Glomerales	Septoglomeraceae	Septoglomeraceae_spp	Septoglomeraceae_spp
masv_25396	LSU	Fungi	Glomeromycota	Clomeromycetes	Glomerales	Glomeraceae	Glomus	Glomus_sp
masv_25437	LSU	Fungi	Glomeromycota	Clomeromycetes	Glomerales	Entrophosporaceae	Entrophospora	Entrophospora_sp
masv_25594	LSU	Fungi	Glomeromycota	Clomeromycetes	Glomerales	Dominikiaceae	Dominikiaceae_spp	Dominikiaceae_spp
masv_25795	LSU	Fungi	Glomeromycota	Clomeromycetes	Glomerales	Diversisporaceae	Diversisporaceae_spp	Diversisporaceae_spp
masv_2584	LSU	Fungi	Glomeromycota	Clomeromycetes	Glomerales	Glomerales_spp	Glomerales_spp	Glomerales_spp
masv_25994	LSU	Fungi	Glomeromycota	Clomeromycetes	Glomerales	Dominikiaceae	Dominikiaceae_spp	Dominikiaceae_spp
masv_25995	LSU	Fungi	Glomeromycota	Clomeromycetes	Glomerales	Entrophosporaceae	Entrophospora	Entrophospora_sp
masv_2627	LSU	Fungi	Glomeromycota	Clomeromycetes	Glomerales	Entrophosporaceae	Entrophospora	Entrophospora_sp
masv_2648	LSU	Fungi	Glomeromycota	Clomeromycetes	Glomerales	Sclerocystaceae_Kamienskiaceae	Sclerocystaceae_Kamienskiaceae_spp	Sclerocystaceae_Kamienskiaceae_spp
masv_2673	LSU	Fungi	Glomeromycota	Clomeromycetes	Glomerales	Paraglomeraceae	Paraglomus	Paraglomus_sp
masv_26733	LSU	Fungi	Glomeromycota	Clomeromycetes	Glomerales	Entrophosporaceae	Entrophospora	Entrophospora_sp
masv_26834	LSU	Fungi	Glomeromycota	Clomeromycetes	Glomerales	Glomeraceae	Glomus	Glomus_sp
masv_27007	LSU	Fungi	Glomeromycota	Clomeromycetes	Glomerales	Paraglomeraceae	Paraglomus	Paraglomus_sp
masv_2702	LSU	Fungi	Glomeromycota	Clomeromycetes	Glomerales	Dominikiaceae	Dominikiaceae_spp	Dominikiaceae_spp
masv_27044	LSU	Fungi	Glomeromycota	Clomeromycetes	Glomerales	Glomerales_spp	Glomerales_spp	Glomerales_spp
masv_27046	LSU	Fungi	Glomeromycota	Clomeromycetes	Glomerales	Paraglomeraceae	Paraglomus	Paraglomus_sp
masv_27231	LSU	Fungi	Glomeromycota	Clomeromycetes	Glomerales	Entrophosporaceae	Entrophospora	Entrophospora_sp
masv_27237	LSU	Fungi	Glomeromycota	Clomeromycetes	Glomerales	Paraglomeraceae	Paraglomus	Paraglomus_sp
masv_27364	LSU	Fungi	Glomeromycota	Clomeromycetes	Glomerales	Dominikiaceae	Dominikia	Dominikia_sp
masv_27485	LSU	Fungi	Glomeromycota	Clomeromycetes	Glomerales	Glomerales_spp	Glomerales_spp	Glomerales_spp
masv_27503	LSU	Fungi	Glomeromycota	Clomeromycetes	Glomerales	Dominikiaceae	Dominikiaceae_spp	Dominikiaceae_spp
masv_27614	LSU	Fungi	Glomeromycota	Clomeromycetes	Glomerales	Dominikiaceae	Dominikia	Dominikia_sp
masv_27616	LSU	Fungi	Glomeromycota	Clomeromycetes	Glomerales	Septoglomeraceae	Septoglomus	Septoglomus_sp
masv_27677	LSU	Fungi	Glomeromycota	Clomeromycetes	Glomerales	Sclerocystaceae_Kamienskiaceae	Rhizophagus	Rhizophagus_sp
masv_2777	LSU	Fungi	Glomeromycota	Clomeromycetes	Glomerales	Septoglomeraceae	Funneliformis	Funneliformis_sp
masv_27975	LSU	Fungi	Glomeromycota	Clomeromycetes	Glomerales	Dominikiaceae	Dominikiaceae_spp	Dominikiaceae_spp
masv_28051	LSU	Fungi	Glomeromycota	Clomeromycetes	Glomerales	Entrophosporaceae	Entrophospora	Entrophospora_sp
masv_282	LSU	Fungi	Glomeromycota	Clomeromycetes	Glomerales	Septoglomeraceae	Septoglomeraceae_spp	Septoglomeraceae_spp
masv_28238	LSU	Fungi	Glomeromycota	Clomeromycetes	Glomerales	Paraglomeraceae	Paraglomus	Paraglomus_sp
masv_2839	LSU	Fungi	Glomeromycota	Clomeromycetes	Glomerales	Sclerocystaceae_Kamienskiaceae	Sclerocystaceae_Kamienskiaceae_spp	Sclerocystaceae_Kamienskiaceae_spp
masv_2866	LSU	Fungi	Glomeromycota	Clomeromycetes	Glomerales	Dominikiaceae	Dominikiaceae_spp	Dominikiaceae_spp
masv_28860	LSU	Fungi	Glomeromycota	Clomeromycetes	Glomerales	Dominikiaceae	Dominikiaceae_spp	Dominikiaceae_spp
masv_2887	LSU	Fungi	Glomeromycota	Clomeromycetes	Glomerales	Dominikiaceae	Dominikiaceae_spp	Dominikiaceae_spp
masv_28887	LSU	Fungi	Glomeromycota	Clomeromycetes	Glomerales	Paraglomeraceae	Paraglomus	Paraglomus_sp
masv_28984	LSU	Fungi	Glomeromycota	Clomeromycetes	Glomerales	Sclerocystaceae_Kamienskiaceae	Rhizophagus	Rhizophagus_sp
masv_28985	LSU	Fungi	Glomeromycota	Clomeromycetes	Glomerales	Dominikiaceae	Dominikia	Dominikia_sp
masv_28987	LSU	Fungi	Glomeromycota	Clomeromycetes	Glomerales	Dominikiaceae	Dominikia	Dominikia_sp
masv_29069	LSU	Fungi	Glomeromycota	Clomeromycetes	Glomerales	Entrophosporaceae	Entrophospora	Entrophospora_sp
masv_29070	LSU	Fungi	Glomeromycota	Clomeromycetes	Glomerales	Dominikiaceae	Dominikiaceae_spp	Dominikiaceae_spp
masv_29071	LSU	Fungi	Glomeromycota	Clomeromycetes	Glomerales	Entrophosporaceae	Entrophospora	Entrophospora_sp
masv_29118	LSU	Fungi	Glomeromycota	Clomeromycetes	Glomerales	Dominikiaceae	Nanoglomus	Nanoglomus_sp
masv_29138	LSU	Fungi	Glomeromycota	Clomeromycetes	Glomerales	Dominikiaceae	Dominikiaceae_spp	Dominikiaceae_spp
masv_29183	LSU	Fungi	Glomeromycota	Clomeromycetes	Glomerales	Dominikiaceae	Dominikia	Dominikia_sp
masv_2924	LSU	Fungi	Glomeromycota	Clomeromycetes	Glomerales	Diversisporaceae	Diversisporaceae_spp	Diversisporaceae_spp
masv_29373	LSU	Fungi	Glomeromycota	Clomeromycetes	Glomerales	Dominikiaceae	Dominikiaceae_spp	Dominikiaceae_spp
masv_2959	LSU	Fungi	Glomeromycota	Clomeromycetes	Glomerales	Dominikiaceae	Dominikia	Dominikia_sp
masv_29633	LSU	Fungi	Glomeromycota	Clomeromycetes	Glomerales	Glomerales_spp	Glomerales_spp	Glomerales_spp
masv_2972	LSU	Fungi	Glomeromycota	Clomeromycetes	Glomerales	Glomeraceae	Glomus	Glomus_sp
masv_2981	LSU	Fungi	Glomeromycota	Clomeromycetes	Glomerales	Entrophosporaceae	Entrophospora	Entrophospora_sp
masv_30064	LSU	Fungi	Glomeromycota	Clomeromycetes	Glomerales	Dominikiaceae	Dominikiaceae_spp	Dominikiaceae_spp
masv_30065	LSU	Fungi	Glomeromycota	Clomeromycetes	Glomerales	Sclerocystaceae_Kamienskiaceae	Sclerocystaceae_Kamienskiaceae_spp	Sclerocystaceae_Kamienskiaceae_spp
masv_30086	LSU	Fungi	Glomeromycota	Clomeromycetes	Glomerales	Sclerocystaceae_Kamienskiaceae	Rhizophagus	Rhizophagus_sp
masv_3009	LSU	Fungi	Glomeromycota	Clomeromycetes	Glomerales	Paraglomeraceae	Paraglomus	Paraglomus_sp
masv_30094	LSU	Fungi	Glomeromycota	Clomeromycetes	Glomerales	Septoglomeraceae	Septoglomus	Septoglomus_sp
masv_30135	LSU	Fungi	Glomeromycota	Clomeromycetes	Glomerales	Sclerocystaceae_Kamienskiaceae	Sclerocystaceae_Kamienskiaceae_spp	Sclerocystaceae_Kamienskiaceae_spp
masv_30186	LSU	Fungi	Glomeromycota	Clomeromycetes	Glomerales	Septoglomeraceae	Septoglomus	Septoglomus_sp
masv_30189	LSU	Fungi	Glomeromycota	Clomeromycetes	Glomerales	Septoglomeraceae	Septoglomus	Septoglomus_sp
masv_30261	LSU	Fungi	Glomeromycota	Clomeromycetes	Glomerales	Sclerocystaceae_Kamienskiaceae	Sclerocystaceae_Kamienskiaceae_spp	Sclerocystaceae_Kamienskiaceae_spp
masv_30278	LSU	Fungi	Glomeromycota	Clomeromycetes	Glomerales	Dominikiaceae	Dominikiaceae_spp	Dominikiaceae_spp
masv_30386	LSU	Fungi	Glomeromycota	Clomeromycetes	Glomerales	Sclerocystaceae_Kamienskiaceae	Rhizophagus	Rhizophagus_sp
masv_30538	LSU	Fungi	Glomeromycota	Clomeromycetes	Glomerales	Paraglomeraceae	Paraglomus	Paraglomus_sp
masv_3054	LSU	Fungi	Glomeromycota	Clomeromycetes	Glomerales	Sclerocystaceae_Kamienskiaceae	Sclerocystaceae_Kamienskiaceae_spp	Sclerocystaceae_Kamienskiaceae_spp
masv_308	LSU	Fungi	Glomeromycota	Clomeromycetes	Glomerales	Dominikiaceae	Dominikiaceae_spp	Dominikiaceae_spp
masv_31055	LSU	Fungi	Glomeromycota	Clomeromycetes	Glomerales	Dominikiaceae	Dominikiaceae_spp	Dominikiaceae_spp
masv_31169	LSU	Fungi	Glomeromycota	Clomeromycetes	Glomerales	Sclerocystaceae_Kamienskiaceae	Rhizophagus	Rhizophagus_sp
masv_31186	LSU	Fungi	Glomeromycota	Clomeromycetes	Glomerales	Dominikiaceae	Dominikia	Dominikia_sp
masv_3124	LSU	Fungi	Glomeromycota	Clomeromycetes	Glomerales	Entrophosporaceae	Entrophospora	Entrophospora_sp
masv_31449	LSU	Fungi	Glomeromycota	Clomeromycetes	Glomerales	Dominikiaceae	Dominikia	Dominikia_sp
masv_3153	LSU	Fungi	Glomeromycota	Clomeromycetes	Glomerales	Paraglomeraceae	Paraglomus	Paraglomus_sp
masv_3158	LSU	Fungi	Glomeromycota	Clomeromycetes	Glomerales	Septoglomeraceae	Septoglomeraceae_spp	Septoglomeraceae_spp
masv_3172	LSU	Fungi	Glomeromycota	Clomeromycetes	Glomerales	Dominikiaceae	Dominikiaceae_spp	Dominikiaceae_spp
masv_3191	LSU	Fungi	Glomeromycota	Clomeromycetes	Glomerales	Entrophosporaceae	Entrophospora	Entrophospora_sp
masv_31915	LSU	Fungi	Glomeromycota	Clomeromycetes	Glomerales	Dominikiaceae	Dominikia	Dominikia_sp
masv_32045	LSU	Fungi	Glomeromycota	Clomeromycetes	Glomerales	Sclerocystaceae_Kamienskiaceae	Rhizophagus	Rhizophagus_sp
masv_32054	LSU	Fungi	Glomeromycota	Clomeromycetes	Glomerales	Entrophosporaceae	Entrophospora	Entrophospora_sp
masv_32119	LSU	Fungi	Glomeromycota	Clomeromycetes	Glomerales	Dominikiaceae	Dominikiaceae_spp	Dominikiaceae_spp
masv_32378	LSU	Fungi	Glomeromycota	Clomeromycetes	Glomerales	Entrophosporaceae	Entrophospora	Entrophospora_sp
masv_32379	LSU	Fungi	Glomeromycota	Clomeromycetes	Glomerales	Dominikiaceae	Dominikiaceae_spp	Dominikiaceae_spp
masv_32527	LSU	Fungi	Glomeromycota	Clomeromycetes	Glomerales	Septoglomeraceae	Funneliformis	Funneliformis_sp
masv_32568	LSU	Fungi	Glomeromycota	Clomeromycetes	Glomerales	Dominikiaceae	Nanoglomus	Nanoglomus_sp
masv_32699	LSU	Fungi	Glomeromycota	Clomeromycetes	Glomerales	Paraglomeraceae	Paraglomus	Paraglomus_sp
masv_32862	LSU	Fungi	Glomeromycota	Clomeromycetes	Glomerales	Glomerales_spp	Glomerales_spp	Glomerales_spp
masv_32871	LSU	Fungi	Glomeromycota	Clomeromycetes	Glomerales	Glomerales_spp	Glomerales_spp	Glomerales_spp
masv_32878	LSU	Fungi	Glomeromycota	Clomeromycetes	Glomerales	Paraglomeraceae	Paraglomus	Paraglomus_sp
masv_33079	LSU	Fungi	Glomeromycota	Clomeromycetes	Glomerales	Entrophosporaceae	Entrophospora	Entrophospora_sp
masv_3318	LSU	Fungi	Glomeromycota	Clomeromycetes	Glomerales	Entrophosporaceae	Entrophospora	Entrophospora_sp
masv_33571	LSU	Fungi	Glomeromycota	Clomeromycetes	Glomerales	Dominikiaceae	Dominikiaceae_spp	Dominikiaceae_spp
masv_33663	LSU	Fungi	Glomeromycota	Clomeromycetes	Glomerales	Dominikiaceae	Dominikiaceae_spp	Dominikiaceae_spp
masv_33944	LSU	Fungi	Glomeromycota	Clomeromycetes	Glomerales	Paraglomeraceae	Paraglomus	Paraglomus_sp
masv_3410	LSU	Fungi	Glomeromycota	Clomeromycetes	Glomerales	Paraglomeraceae	Paraglomus	Paraglomus_sp
masv_34112	LSU	Fungi	Glomeromycota	Clomeromycetes	Glomerales	Dominikiaceae	Dominikia	Dominikia_sp
masv_34147	LSU	Fungi	Glomeromycota	Clomeromycetes	Glomerales	Gigasporaceae	Cetraspora	Cetraspora_sp
masv_34169	LSU	Fungi	Glomeromycota	Clomeromycetes	Glomerales	Dominikiaceae	Dominikiaceae_spp	Dominikiaceae_spp
masv_3425	LSU	Fungi	Glomeromycota	Clomeromycetes	Glomerales	Sclerocystaceae_Kamienskiaceae	Sclerocystaceae_Kamienskiaceae_spp	Sclerocystaceae_Kamienskiaceae_spp
masv_345	LSU	Fungi	Glomeromycota	Clomeromycetes	Glomerales	Entrophosporaceae	Entrophospora	Entrophospora_sp
masv_34592	LSU	Fungi	Glomeromycota	Clomeromycetes	Glomerales	Sclerocystaceae_Kamienskiaceae	Rhizophagus	Rhizophagus_sp
masv_34696	LSU	Fungi	Glomeromycota	Clomeromycetes	Glomerales	Dominikiaceae	Nanoglomus	Nanoglomus_sp
masv_34910	LSU	Fungi	Glomeromycota	Clomeromycetes	Glomerales	Entrophosporaceae	Entrophospora	Entrophospora_sp
masv_35087	LSU	Fungi	Glomeromycota	Clomeromycetes	Glomerales	Dominikiaceae	Nanoglomus	Nanoglomus_sp
masv_35204	LSU	Fungi	Glomeromycota	Clomeromycetes	Glomerales	Dominikiaceae	Dominikia	Dominikia_sp
masv_35210	LSU	Fungi	Glomeromycota	Clomeromycetes	Glomerales	Glomeraceae	Glomus	Glomus_sp
masv_35408	LSU	Fungi	Glomeromycota	Clomeromycetes	Glomerales	Entrophosporaceae	Entrophospora	Entrophospora_sp
masv_3559	LSU	Fungi	Glomeromycota	Clomeromycetes	Glomerales	Paraglomeraceae	Paraglomus	Paraglomus_sp
masv_35609	LSU	Fungi	Glomeromycota	Clomeromycetes	Glomerales	Dominikiaceae	Dominikiaceae_spp	Dominikiaceae_spp
masv_35789	LSU	Fungi	Glomeromycota	Clomeromycetes	Glomerales	Dominikiaceae	Dominikia	Dominikia_sp
masv_35792	LSU	Fungi	Glomeromycota	Clomeromycetes	Glomerales	Sclerocystaceae_Kamienskiaceae	Rhizophagus	Rhizophagus_sp
masv_35823	LSU	Fungi	Glomeromycota	Clomeromycetes	Glomerales	Dominikiaceae	Dominikia	Dominikia_sp
masv_35839	LSU	Fungi	Glomeromycota	Clomeromycetes	Glomerales	Dominikiaceae	Nanoglomus	Nanoglomus_sp
masv_35841	LSU	Fungi	Glomeromycota	Clomeromycetes	Glomerales	Dominikiaceae	Dominikia	Dominikia_sp
masv_35952	LSU	Fungi	Glomeromycota	Clomeromycetes	Glomerales	Septoglomeraceae	Septoglomus	Septoglomus_sp
masv_36172	LSU	Fungi	Glomeromycota	Clomeromycetes	Glomerales	Dominikiaceae	Dominikiaceae_spp	Dominikiaceae_spp
masv_3620	LSU	Fungi	Glomeromycota	Clomeromycetes	Glomerales	Entrophosporaceae	Entrophospora	Entrophospora_sp
masv_36289	LSU	Fungi	Glomeromycota	Clomeromycetes	Glomerales	Septoglomeraceae	Septoglomeraceae_spp	Septoglomeraceae_spp
masv_36329	LSU	Fungi	Glomeromycota	Clomeromycetes	Glomerales	Entrophosporaceae	Entrophospora	Entrophospora_sp
masv_3639	LSU	Fungi	Glomeromycota	Clomeromycetes	Glomerales	Septoglomeraceae	Septoglomeraceae_spp	Septoglomeraceae_spp
masv_36449	LSU	Fungi	Glomeromycota	Clomeromycetes	Glomerales	Dominikiaceae	Dominikiaceae_spp	Dominikiaceae_spp
masv_36484	LSU	Fungi	Glomeromycota	Clomeromycetes	Glomerales	Dominikiaceae	Dominikiaceae_spp	Dominikiaceae_spp
masv_36833	LSU	Fungi	Glomeromycota	Clomeromycetes	Glomerales	Dominikiaceae	Dominikia	Dominikia_sp
masv_3701	LSU	Fungi	Glomeromycota	Clomeromycetes	Glomerales	Dominikiaceae	Dominikiaceae_spp	Dominikiaceae_spp
masv_37020	LSU	Fungi	Glomeromycota	Clomeromycetes	Glomerales	Glomerales_spp	Glomerales_spp	Glomerales_spp
masv_37144	LSU	Fungi	Glomeromycota	Clomeromycetes	Glomerales	Dominikiaceae	Dominikia	Dominikia_sp
masv_37481	LSU	Fungi	Glomeromycota	Clomeromycetes	Glomerales	Dominikiaceae	Dominikia	Dominikia_sp
masv_37485	LSU	Fungi	Glomeromycota	Clomeromycetes	Glomerales	Glomerales_spp	Glomerales_spp	Glomerales_spp
masv_37500	LSU	Fungi	Glomeromycota	Clomeromycetes	Glomerales	Glomeraceae	Complexispora	Complexispora_sp
masv_3764	LSU	Fungi	Glomeromycota	Clomeromycetes	Glomerales	Septoglomeraceae	Septoglomeraceae_spp	Septoglomeraceae_spp
masv_37670	LSU	Fungi	Glomeromycota	Clomeromycetes	Glomerales	Dominikiaceae	Dominikiaceae_spp	Dominikiaceae_spp
masv_37673	LSU	Fungi	Glomeromycota	Clomeromycetes	Glomerales	Sclerocystaceae_Kamienskiaceae	Sclerocystaceae_Kamienskiaceae_spp	Sclerocystaceae_Kamienskiaceae_spp
masv_37790	LSU	Fungi	Glomeromycota	Clomeromycetes	Glomerales	Paraglomeraceae	Paraglomus	Paraglomus_sp
masv_3781	LSU	Fungi	Glomeromycota	Clomeromycetes	Glomerales	Dominikiaceae	Dominikiaceae_spp	Dominikiaceae_spp
masv_37972	LSU	Fungi	Glomeromycota	Clomeromycetes	Glomerales	Dominikiaceae	Dominikia	Dominikia_sp
masv_37990	LSU	Fungi	Glomeromycota	Clomeromycetes	Glomerales	Dominikiaceae	Nanoglomus	Nanoglomus_sp
masv_38074	LSU	Fungi	Glomeromycota	Clomeromycetes	Glomerales	Glomerales_spp	Glomerales_spp	Glomerales_spp
masv_38137	LSU	Fungi	Glomeromycota	Clomeromycetes	Glomerales	Paraglomeraceae	Paraglomus	Paraglomus_sp
masv_38138	LSU	Fungi	Glomeromycota	Clomeromycetes	Glomerales	Septoglomeraceae	Septoglomeraceae_spp	Septoglomeraceae_spp
masv_38146	LSU	Fungi	Glomeromycota	Clomeromycetes	Glomerales	Sclerocystaceae_Kamienskiaceae	Rhizophagus	Rhizophagus_sp
masv_3819	LSU	Fungi	Glomeromycota	Clomeromycetes	Glomerales	Dominikiaceae	Dominikiaceae_spp	Dominikiaceae_spp
masv_38247	LSU	Fungi	Glomeromycota	Clomeromycetes	Glomerales	Sclerocystaceae_Kamienskiaceae	Sclerocystaceae_Kamienskiaceae_spp	Sclerocystaceae_Kamienskiaceae_spp
masv_38471	LSU	Fungi	Glomeromycota	Clomeromycetes	Glomerales	Sclerocystaceae_Kamienskiaceae	Rhizophagus	Rhizophagus_sp
masv_3849	LSU	Fungi	Glomeromycota	Clomeromycetes	Glomerales	Dominikiaceae	Dominikia	Dominikia_sp
masv_38763	LSU	Fungi	Glomeromycota	Clomeromycetes	Glomerales	Dominikiaceae	Dominikiaceae_spp	Dominikiaceae_spp
masv_3883	LSU	Fungi	Glomeromycota	Clomeromycetes	Glomerales	Dominikiaceae	Dominikiaceae_spp	Dominikiaceae_spp
masv_38941	LSU	Fungi	Glomeromycota	Clomeromycetes	Glomerales	Dominikiaceae	Dominikia	Dominikia_sp
masv_38942	LSU	Fungi	Glomeromycota	Clomeromycetes	Glomerales	Septoglomeraceae	Septoglomus	Septoglomus_sp
masv_39045	LSU	Fungi	Glomeromycota	Clomeromycetes	Glomerales	Dominikiaceae	Dominikia	Dominikia_sp
masv_3931	LSU	Fungi	Glomeromycota	Clomeromycetes	Glomerales	Entrophosporaceae	Entrophospora	Entrophospora_sp
masv_3947	LSU	Fungi	Glomeromycota	Clomeromycetes	Glomerales	Entrophosporaceae	Entrophospora	Entrophospora_sp
masv_395	LSU	Fungi	Glomeromycota	Clomeromycetes	Glomerales	Glomerales_spp	Glomerales_spp	Glomerales_spp
masv_39572	LSU	Fungi	Glomeromycota	Clomeromycetes	Glomerales	Dominikiaceae	Dominikia	Dominikia_sp
masv_39574	LSU	Fungi	Glomeromycota	Clomeromycetes	Glomerales	Dominikiaceae	Dominikia	Dominikia_sp
masv_39576	LSU	Fungi	Glomeromycota	Clomeromycetes	Glomerales	Dominikiaceae	Dominikia	Dominikia_sp
masv_39579	LSU	Fungi	Glomeromycota	Clomeromycetes	Glomerales	Glomeraceae	Glomeraceae_spp	Glomeraceae_spp
masv_39896	LSU	Fungi	Glomeromycota	Clomeromycetes	Glomerales	Entrophosporaceae	Entrophospora	Entrophospora_sp
masv_39903	LSU	Fungi	Glomeromycota	Clomeromycetes	Glomerales	Dominikiaceae	Dominikiaceae_spp	Dominikiaceae_spp
masv_4001	LSU	Fungi	Glomeromycota	Clomeromycetes	Glomerales	Ambisporaceae	Ambispora	Ambispora_sp
masv_40031	LSU	Fungi	Glomeromycota	Clomeromycetes	Glomerales	Dominikiaceae	Dominikiaceae_spp	Dominikiaceae_spp
masv_40051	LSU	Fungi	Glomeromycota	Clomeromycetes	Glomerales	Septoglomeraceae	Septoglomus	Septoglomus_sp
masv_40357	LSU	Fungi	Glomeromycota	Clomeromycetes	Glomerales	Dominikiaceae	Dominikia	Dominikia_sp
masv_40394	LSU	Fungi	Glomeromycota	Clomeromycetes	Glomerales	Entrophosporaceae	Entrophospora	Entrophospora_sp
masv_40397	LSU	Fungi	Glomeromycota	Clomeromycetes	Glomerales	Dominikiaceae	Dominikiaceae_spp	Dominikiaceae_spp
masv_40464	LSU	Fungi	Glomeromycota	Clomeromycetes	Glomerales	Diversisporaceae	Diversispora	Diversispora_sp
masv_40562	LSU	Fungi	Glomeromycota	Clomeromycetes	Glomerales	Dominikiaceae	Dominikia	Dominikia_sp
masv_4071	LSU	Fungi	Glomeromycota	Clomeromycetes	Glomerales	Glomerales_spp	Glomerales_spp	Glomerales_spp
masv_4072	LSU	Fungi	Glomeromycota	Clomeromycetes	Glomerales	Entrophosporaceae	Entrophospora	Entrophospora_sp
masv_4086	LSU	Fungi	Glomeromycota	Clomeromycetes	Glomerales	Diversisporaceae	Paracorymbiglomus	Paracorymbiglomus_sp
masv_411	LSU	Fungi	Glomeromycota	Clomeromycetes	Glomerales	Dominikiaceae	Dominikiaceae_spp	Dominikiaceae_spp
masv_4112	LSU	Fungi	Glomeromycota	Clomeromycetes	Glomerales	Diversisporaceae	Diversispora	Diversispora_sp
masv_4153	LSU	Fungi	Glomeromycota	Clomeromycetes	Glomerales	Sclerocystaceae_Kamienskiaceae	Sclerocystaceae_Kamienskiaceae_spp	Sclerocystaceae_Kamienskiaceae_spp
masv_41541	LSU	Fungi	Glomeromycota	Clomeromycetes	Glomerales	Glomeraceae	Glomeraceae_spp	Glomeraceae_spp
masv_41556	LSU	Fungi	Glomeromycota	Clomeromycetes	Glomerales	Dominikiaceae	Dominikiaceae_spp	Dominikiaceae_spp
masv_41784	LSU	Fungi	Glomeromycota	Clomeromycetes	Glomerales	Dominikiaceae	Dominikia	Dominikia_sp
masv_41788	LSU	Fungi	Glomeromycota	Clomeromycetes	Glomerales	Dominikiaceae	Dominikia	Dominikia_sp
masv_41790	LSU	Fungi	Glomeromycota	Clomeromycetes	Glomerales	Septoglomeraceae	Funneliformis	Funneliformis_sp
masv_41792	LSU	Fungi	Glomeromycota	Clomeromycetes	Glomerales	Sclerocystaceae_Kamienskiaceae	Rhizophagus	Rhizophagus_sp
masv_41808	LSU	Fungi	Glomeromycota	Clomeromycetes	Glomerales	Entrophosporaceae	Entrophospora	Entrophospora_sp
masv_4185	LSU	Fungi	Glomeromycota	Clomeromycetes	Glomerales	Glomerales_spp	Glomerales_spp	Glomerales_spp
masv_4193	LSU	Fungi	Glomeromycota	Clomeromycetes	Glomerales	Dominikiaceae	Dominikia	Dominikia_sp
masv_42036	LSU	Fungi	Glomeromycota	Clomeromycetes	Glomerales	Entrophosporaceae	Entrophospora	Entrophospora_sp
masv_42157	LSU	Fungi	Glomeromycota	Clomeromycetes	Glomerales	Dominikiaceae	Dominikiaceae_spp	Dominikiaceae_spp
masv_42166	LSU	Fungi	Glomeromycota	Clomeromycetes	Glomerales	Sclerocystaceae_Kamienskiaceae	Rhizophagus	Rhizophagus_sp
masv_42204	LSU	Fungi	Glomeromycota	Clomeromycetes	Glomerales	Entrophosporaceae	Entrophospora	Entrophospora_sp
masv_42280	LSU	Fungi	Glomeromycota	Clomeromycetes	Glomerales	Dominikiaceae	Nanoglomus	Nanoglomus_sp
masv_42318	LSU	Fungi	Glomeromycota	Clomeromycetes	Glomerales	Dominikiaceae	Dominikia	Dominikia_sp
masv_42329	LSU	Fungi	Glomeromycota	Clomeromycetes	Glomerales	Entrophosporaceae	Entrophospora	Entrophospora_sp
masv_42461	LSU	Fungi	Glomeromycota	Clomeromycetes	Glomerales	Paraglomeraceae	Paraglomus	Paraglomus_sp
masv_4255	LSU	Fungi	Glomeromycota	Clomeromycetes	Glomerales	Glomerales_spp	Glomerales_spp	Glomerales_spp
masv_42583	LSU	Fungi	Glomeromycota	Clomeromycetes	Glomerales	Glomerales_spp	Glomerales_spp	Glomerales_spp
masv_4281	LSU	Fungi	Glomeromycota	Clomeromycetes	Glomerales	Glomeraceae	Glomus	Glomus_sp
masv_4291	LSU	Fungi	Glomeromycota	Clomeromycetes	Glomerales	Dominikiaceae	Dominikia	Dominikia_sp
masv_43420	LSU	Fungi	Glomeromycota	Clomeromycetes	Glomerales	Entrophosporaceae	Entrophospora	Entrophospora_sp
masv_4355	LSU	Fungi	Glomeromycota	Clomeromycetes	Glomerales	Diversisporaceae	Paracorymbiglomus	Paracorymbiglomus_sp
masv_43552	LSU	Fungi	Glomeromycota	Clomeromycetes	Glomerales	Septoglomeraceae	Septoglomus	Septoglomus_sp
masv_43558	LSU	Fungi	Glomeromycota	Clomeromycetes	Glomerales	Dominikiaceae	Dominikiaceae_spp	Dominikiaceae_spp
masv_43997	LSU	Fungi	Glomeromycota	Clomeromycetes	Glomerales	Glomerales_spp	Glomerales_spp	Glomerales_spp
masv_44178	LSU	Fungi	Glomeromycota	Clomeromycetes	Glomerales	Dominikiaceae	Dominikiaceae_spp	Dominikiaceae_spp
masv_44339	LSU	Fungi	Glomeromycota	Clomeromycetes	Glomerales	Paraglomeraceae	Paraglomus	Paraglomus_sp
masv_44443	LSU	Fungi	Glomeromycota	Clomeromycetes	Glomerales	Entrophosporaceae	Entrophospora	Entrophospora_sp
masv_44471	LSU	Fungi	Glomeromycota	Clomeromycetes	Glomerales	Paraglomeraceae	Paraglomus	Paraglomus_sp
masv_44473	LSU	Fungi	Glomeromycota	Clomeromycetes	Glomerales	Glomerales_spp	Glomerales_spp	Glomerales_spp
masv_4450	LSU	Fungi	Glomeromycota	Clomeromycetes	Glomerales	Glomerales_spp	Glomerales_spp	Glomerales_spp
masv_44552	LSU	Fungi	Glomeromycota	Clomeromycetes	Glomerales	Glomerales_spp	Glomerales_spp	Glomerales_spp
masv_44554	LSU	Fungi	Glomeromycota	Clomeromycetes	Glomerales	Glomerales_spp	Glomerales_spp	Glomerales_spp
masv_4464	LSU	Fungi	Glomeromycota	Clomeromycetes	Glomerales	Paraglomeraceae	Paraglomus	Paraglomus_sp
masv_44691	LSU	Fungi	Glomeromycota	Clomeromycetes	Glomerales	Sclerocystaceae_Kamienskiaceae	Sclerocystaceae_Kamienskiaceae_spp	Sclerocystaceae_Kamienskiaceae_spp
masv_447	LSU	Fungi	Glomeromycota	Clomeromycetes	Glomerales	Entrophosporaceae	Entrophospora	Entrophospora_sp
masv_44741	LSU	Fungi	Glomeromycota	Clomeromycetes	Glomerales	Sclerocystaceae_Kamienskiaceae	Rhizophagus	Rhizophagus_sp
masv_44763	LSU	Fungi	Glomeromycota	Clomeromycetes	Glomerales	Glomerales_spp	Glomerales_spp	Glomerales_spp
masv_44765	LSU	Fungi	Glomeromycota	Clomeromycetes	Glomerales	Glomerales_spp	Glomerales_spp	Glomerales_spp
masv_44771	LSU	Fungi	Glomeromycota	Clomeromycetes	Glomerales	Dominikiaceae	Dominikiaceae_spp	Dominikiaceae_spp
masv_44783	LSU	Fungi	Glomeromycota	Clomeromycetes	Glomerales	Dominikiaceae	Dominikiaceae_spp	Dominikiaceae_spp
masv_44798	LSU	Fungi	Glomeromycota	Clomeromycetes	Glomerales	Diversisporaceae	Diversispora	Diversispora_sp
masv_44941	LSU	Fungi	Glomeromycota	Clomeromycetes	Glomerales	Paraglomeraceae	Paraglomus	Paraglomus_sp
masv_44956	LSU	Fungi	Glomeromycota	Clomeromycetes	Glomerales	Entrophosporaceae	Entrophospora	Entrophospora_sp
masv_44996	LSU	Fungi	Glomeromycota	Clomeromycetes	Glomerales	Sclerocystaceae_Kamienskiaceae	Rhizophagus	Rhizophagus_sp
masv_4518	LSU	Fungi	Glomeromycota	Clomeromycetes	Glomerales	Dominikiaceae	Dominikiaceae_spp	Dominikiaceae_spp
masv_45188	LSU	Fungi	Glomeromycota	Clomeromycetes	Glomerales	Paraglomeraceae	Paraglomus	Paraglomus_sp
masv_45223	LSU	Fungi	Glomeromycota	Clomeromycetes	Glomerales	Glomerales_spp	Glomerales_spp	Glomerales_spp
masv_4525	LSU	Fungi	Glomeromycota	Clomeromycetes	Glomerales	Paraglomeraceae	Paraglomus	Paraglomus_sp
masv_45332	LSU	Fungi	Glomeromycota	Clomeromycetes	Glomerales	Dominikiaceae	Dominikiaceae_spp	Dominikiaceae_spp
masv_4567	LSU	Fungi	Glomeromycota	Clomeromycetes	Glomerales	Dominikiaceae	Dominikiaceae_spp	Dominikiaceae_spp
masv_45789	LSU	Fungi	Glomeromycota	Clomeromycetes	Glomerales	Glomerales_spp	Glomerales_spp	Glomerales_spp
masv_4589	LSU	Fungi	Glomeromycota	Clomeromycetes	Glomerales	Paraglomeraceae	Paraglomus	Paraglomus_sp
masv_45974	LSU	Fungi	Glomeromycota	Clomeromycetes	Glomerales	Sclerocystaceae_Kamienskiaceae	Rhizophagus	Rhizophagus_sp
masv_45977	LSU	Fungi	Glomeromycota	Clomeromycetes	Glomerales	Entrophosporaceae	Entrophospora	Entrophospora_sp
masv_45996	LSU	Fungi	Glomeromycota	Clomeromycetes	Glomerales	Dominikiaceae	Dominikiaceae_spp	Dominikiaceae_spp
masv_46144	LSU	Fungi	Glomeromycota	Clomeromycetes	Glomerales	Glomerales_spp	Glomerales_spp	Glomerales_spp
masv_4648	LSU	Fungi	Glomeromycota	Clomeromycetes	Glomerales	Sclerocystaceae_Kamienskiaceae	Rhizophagus	Rhizophagus_sp
masv_46639	LSU	Fungi	Glomeromycota	Clomeromycetes	Glomerales	Dominikiaceae	Dominikia	Dominikia_sp
masv_4670	LSU	Fungi	Glomeromycota	Clomeromycetes	Glomerales	Sclerocystaceae_Kamienskiaceae	Sclerocystaceae_Kamienskiaceae_spp	Sclerocystaceae_Kamienskiaceae_spp
masv_46824	LSU	Fungi	Glomeromycota	Clomeromycetes	Glomerales	Sclerocystaceae_Kamienskiaceae	Sclerocystaceae_Kamienskiaceae_spp	Sclerocystaceae_Kamienskiaceae_spp
masv_46830	LSU	Fungi	Glomeromycota	Clomeromycetes	Glomerales	Septoglomeraceae	Funneliformis	Funneliformis_sp
masv_4687	LSU	Fungi	Glomeromycota	Clomeromycetes	Glomerales	Septoglomeraceae	Septoglomus	Septoglomus_sp
masv_4692	LSU	Fungi	Glomeromycota	Clomeromycetes	Glomerales	Entrophosporaceae	Entrophospora	Entrophospora_sp
masv_47031	LSU	Fungi	Glomeromycota	Clomeromycetes	Glomerales	Glomerales_spp	Glomerales_spp	Glomerales_spp
masv_47110	LSU	Fungi	Glomeromycota	Clomeromycetes	Glomerales	Dominikiaceae	Dominikiaceae_spp	Dominikiaceae_spp
masv_47111	LSU	Fungi	Glomeromycota	Clomeromycetes	Glomerales	Entrophosporaceae	Entrophospora	Entrophospora_sp
masv_47320	LSU	Fungi	Glomeromycota	Clomeromycetes	Glomerales	Dominikiaceae	Dominikia	Dominikia_sp
masv_47367	LSU	Fungi	Glomeromycota	Clomeromycetes	Glomerales	Sclerocystaceae_Kamienskiaceae	Sclerocystaceae_Kamienskiaceae_spp	Sclerocystaceae_Kamienskiaceae_spp
masv_47383	LSU	Fungi	Glomeromycota	Clomeromycetes	Glomerales	Entrophosporaceae	Entrophospora	Entrophospora_sp
masv_47463	LSU	Fungi	Glomeromycota	Clomeromycetes	Glomerales	Dominikiaceae	Dominikia	Dominikia_sp
masv_47475	LSU	Fungi	Glomeromycota	Clomeromycetes	Glomerales	Entrophosporaceae	Entrophospora	Entrophospora_sp
masv_47536	LSU	Fungi	Glomeromycota	Clomeromycetes	Glomerales	Entrophosporaceae	Entrophospora	Entrophospora_sp
masv_47739	LSU	Fungi	Glomeromycota	Clomeromycetes	Glomerales	Sclerocystaceae_Kamienskiaceae	Rhizophagus	Rhizophagus_sp
masv_47868	LSU	Fungi	Glomeromycota	Clomeromycetes	Glomerales	Glomerales_spp	Glomerales_spp	Glomerales_spp
masv_4815	LSU	Fungi	Glomeromycota	Clomeromycetes	Glomerales	Dominikiaceae	Dominikia	Dominikia_sp
masv_48902	LSU	Fungi	Glomeromycota	Clomeromycetes	Glomerales	Dominikiaceae	Dominikiaceae_spp	Dominikiaceae_spp
masv_48922	LSU	Fungi	Glomeromycota	Clomeromycetes	Glomerales	Dominikiaceae	Dominikia	Dominikia_sp
masv_48924	LSU	Fungi	Glomeromycota	Clomeromycetes	Glomerales	Sclerocystaceae_Kamienskiaceae	Rhizophagus	Rhizophagus_sp
masv_48927	LSU	Fungi	Glomeromycota	Clomeromycetes	Glomerales	Glomerales_spp	Glomerales_spp	Glomerales_spp
masv_4895	LSU	Fungi	Glomeromycota	Clomeromycetes	Glomerales	Sclerocystaceae_Kamienskiaceae	Rhizophagus	Rhizophagus_sp
masv_49633	LSU	Fungi	Glomeromycota	Clomeromycetes	Glomerales	Dominikiaceae	Dominikia	Dominikia_sp
masv_49660	LSU	Fungi	Glomeromycota	Clomeromycetes	Glomerales	Sclerocystaceae_Kamienskiaceae	Rhizophagus	Rhizophagus_sp
masv_49685	LSU	Fungi	Glomeromycota	Clomeromycetes	Glomerales	Dominikiaceae	Dominikia	Dominikia_sp
masv_497	LSU	Fungi	Glomeromycota	Clomeromycetes	Glomerales	Glomerales_spp	Glomerales_spp	Glomerales_spp
masv_49706	LSU	Fungi	Glomeromycota	Clomeromycetes	Glomerales	Sclerocystaceae_Kamienskiaceae	Rhizophagus	Rhizophagus_sp
masv_49944	LSU	Fungi	Glomeromycota	Clomeromycetes	Glomerales	Sclerocystaceae_Kamienskiaceae	Sclerocystaceae_Kamienskiaceae_spp	Sclerocystaceae_Kamienskiaceae_spp
masv_49957	LSU	Fungi	Glomeromycota	Clomeromycetes	Glomerales	Dominikiaceae	Dominikia	Dominikia_sp
masv_4996	LSU	Fungi	Glomeromycota	Clomeromycetes	Glomerales	Dominikiaceae	Dominikiaceae_spp	Dominikiaceae_spp
masv_50046	LSU	Fungi	Glomeromycota	Clomeromycetes	Glomerales	Entrophosporaceae	Entrophospora	Entrophospora_sp
masv_50105	LSU	Fungi	Glomeromycota	Clomeromycetes	Glomerales	Paraglomeraceae	Paraglomus	Paraglomus_sp
masv_50122	LSU	Fungi	Glomeromycota	Clomeromycetes	Glomerales	Paraglomeraceae	Paraglomus	Paraglomus_sp
masv_50188	LSU	Fungi	Glomeromycota	Clomeromycetes	Glomerales	Dominikiaceae	Dominikiaceae_spp	Dominikiaceae_spp
masv_50306	LSU	Fungi	Glomeromycota	Clomeromycetes	Glomerales	Entrophosporaceae	Entrophospora	Entrophospora_sp
masv_50523	LSU	Fungi	Glomeromycota	Clomeromycetes	Glomerales	Entrophosporaceae	Entrophospora	Entrophospora_sp
masv_50546	LSU	Fungi	Glomeromycota	Clomeromycetes	Glomerales	Sclerocystaceae_Kamienskiaceae	Sclerocystaceae_Kamienskiaceae_spp	Sclerocystaceae_Kamienskiaceae_spp
masv_50617	LSU	Fungi	Glomeromycota	Clomeromycetes	Glomerales	Entrophosporaceae	Entrophospora	Entrophospora_sp
masv_50755	LSU	Fungi	Glomeromycota	Clomeromycetes	Glomerales	Dominikiaceae	Dominikia	Dominikia_sp
masv_50823	LSU	Fungi	Glomeromycota	Clomeromycetes	Glomerales	Glomerales_spp	Glomerales_spp	Glomerales_spp
masv_50973	LSU	Fungi	Glomeromycota	Clomeromycetes	Glomerales	Entrophosporaceae	Entrophospora	Entrophospora_sp
masv_50988	LSU	Fungi	Glomeromycota	Clomeromycetes	Glomerales	Dominikiaceae	Nanoglomus	Nanoglomus_sp
masv_5102	LSU	Fungi	Glomeromycota	Clomeromycetes	Glomerales	Septoglomeraceae	Septoglomus	Septoglomus_sp
masv_51035	LSU	Fungi	Glomeromycota	Clomeromycetes	Glomerales	Entrophosporaceae	Entrophospora	Entrophospora_sp
masv_51044	LSU	Fungi	Glomeromycota	Clomeromycetes	Glomerales	Entrophosporaceae	Entrophospora	Entrophospora_sp
masv_51171	LSU	Fungi	Glomeromycota	Clomeromycetes	Glomerales	Glomerales_spp	Glomerales_spp	Glomerales_spp
masv_51233	LSU	Fungi	Glomeromycota	Clomeromycetes	Glomerales	Glomeraceae	Glomus	Glomus_sp
masv_51483	LSU	Fungi	Glomeromycota	Clomeromycetes	Glomerales	Paraglomeraceae	Paraglomus	Paraglomus_sp
masv_51634	LSU	Fungi	Glomeromycota	Clomeromycetes	Glomerales	Dominikiaceae	Dominikiaceae_spp	Dominikiaceae_spp
masv_51635	LSU	Fungi	Glomeromycota	Clomeromycetes	Glomerales	Dominikiaceae	Dominikiaceae_spp	Dominikiaceae_spp
masv_51637	LSU	Fungi	Glomeromycota	Clomeromycetes	Glomerales	Dominikiaceae	Dominikiaceae_spp	Dominikiaceae_spp
masv_523	LSU	Fungi	Glomeromycota	Clomeromycetes	Glomerales	Entrophosporaceae	Entrophospora	Entrophospora_sp
masv_5236	LSU	Fungi	Glomeromycota	Clomeromycetes	Glomerales	Dominikiaceae	Dominikia	Dominikia_sp
masv_52411	LSU	Fungi	Glomeromycota	Clomeromycetes	Glomerales	Paraglomeraceae	Paraglomus	Paraglomus_sp
masv_52412	LSU	Fungi	Glomeromycota	Clomeromycetes	Glomerales	Glomerales_spp	Glomerales_spp	Glomerales_spp
masv_52434	LSU	Fungi	Glomeromycota	Clomeromycetes	Glomerales	Dominikiaceae	Dominikia	Dominikia_sp
masv_52438	LSU	Fungi	Glomeromycota	Clomeromycetes	Glomerales	Dominikiaceae	Dominikiaceae_spp	Dominikiaceae_spp
masv_52631	LSU	Fungi	Glomeromycota	Clomeromycetes	Glomerales	Entrophosporaceae	Entrophospora	Entrophospora_sp
masv_52633	LSU	Fungi	Glomeromycota	Clomeromycetes	Glomerales	Dominikiaceae	Dominikiaceae_spp	Dominikiaceae_spp
masv_5276	LSU	Fungi	Glomeromycota	Clomeromycetes	Glomerales	Septoglomeraceae	Septoglomus	Septoglomus_sp
masv_5297	LSU	Fungi	Glomeromycota	Clomeromycetes	Glomerales	Glomeraceae	Complexispora	Complexispora_sp
masv_5318	LSU	Fungi	Glomeromycota	Clomeromycetes	Glomerales	Dominikiaceae	Dominikiaceae_spp	Dominikiaceae_spp
masv_53248	LSU	Fungi	Glomeromycota	Clomeromycetes	Glomerales	Dominikiaceae	Dominikia	Dominikia_sp
masv_53274	LSU	Fungi	Glomeromycota	Clomeromycetes	Glomerales	Dominikiaceae	Dominikiaceae_spp	Dominikiaceae_spp
masv_53302	LSU	Fungi	Glomeromycota	Clomeromycetes	Glomerales	Entrophosporaceae	Entrophospora	Entrophospora_sp
masv_5352	LSU	Fungi	Glomeromycota	Clomeromycetes	Glomerales	Septoglomeraceae	Funneliformis	Funneliformis_sp
masv_53523	LSU	Fungi	Glomeromycota	Clomeromycetes	Glomerales	Dominikiaceae	Dominikia	Dominikia_sp
masv_53527	LSU	Fungi	Glomeromycota	Clomeromycetes	Glomerales	Glomerales_spp	Glomerales_spp	Glomerales_spp
masv_53528	LSU	Fungi	Glomeromycota	Clomeromycetes	Glomerales	Sclerocystaceae_Kamienskiaceae	Sclerocystaceae_Kamienskiaceae_spp	Sclerocystaceae_Kamienskiaceae_spp
masv_53540	LSU	Fungi	Glomeromycota	Clomeromycetes	Glomerales	Sclerocystaceae_Kamienskiaceae	Rhizophagus	Rhizophagus_sp
masv_53565	LSU	Fungi	Glomeromycota	Clomeromycetes	Glomerales	Sclerocystaceae_Kamienskiaceae	Rhizophagus	Rhizophagus_sp
masv_53648	LSU	Fungi	Glomeromycota	Clomeromycetes	Glomerales	Dominikiaceae	Nanoglomus	Nanoglomus_sp
masv_53652	LSU	Fungi	Glomeromycota	Clomeromycetes	Glomerales	Dominikiaceae	Nanoglomus	Nanoglomus_sp
masv_53654	LSU	Fungi	Glomeromycota	Clomeromycetes	Glomerales	Dominikiaceae	Nanoglomus	Nanoglomus_sp
masv_5366	LSU	Fungi	Glomeromycota	Clomeromycetes	Glomerales	Sclerocystaceae_Kamienskiaceae	Sclerocystaceae_Kamienskiaceae_spp	Sclerocystaceae_Kamienskiaceae_spp
masv_53714	LSU	Fungi	Glomeromycota	Clomeromycetes	Glomerales	Entrophosporaceae	Entrophospora	Entrophospora_sp
masv_5377	LSU	Fungi	Glomeromycota	Clomeromycetes	Glomerales	Dominikiaceae	Dominikiaceae_spp	Dominikiaceae_spp
masv_5378	LSU	Fungi	Glomeromycota	Clomeromycetes	Glomerales	Sclerocystaceae_Kamienskiaceae	Sclerocystaceae_Kamienskiaceae_spp	Sclerocystaceae_Kamienskiaceae_spp
masv_53835	LSU	Fungi	Glomeromycota	Clomeromycetes	Glomerales	Entrophosporaceae	Entrophospora	Entrophospora_sp
masv_5386	LSU	Fungi	Glomeromycota	Clomeromycetes	Glomerales	Dominikiaceae	Dominikiaceae_spp	Dominikiaceae_spp
masv_53944	LSU	Fungi	Glomeromycota	Clomeromycetes	Glomerales	Entrophosporaceae	Entrophospora	Entrophospora_sp
masv_5407	LSU	Fungi	Glomeromycota	Clomeromycetes	Glomerales	Septoglomeraceae	Funneliformis	Funneliformis_sp
masv_54120	LSU	Fungi	Glomeromycota	Clomeromycetes	Glomerales	Paraglomeraceae	Paraglomus	Paraglomus_sp
masv_54196	LSU	Fungi	Glomeromycota	Clomeromycetes	Glomerales	Dominikiaceae	Dominikia	Dominikia_sp
masv_54224	LSU	Fungi	Glomeromycota	Clomeromycetes	Glomerales	Glomerales_spp	Glomerales_spp	Glomerales_spp
masv_54241	LSU	Fungi	Glomeromycota	Clomeromycetes	Glomerales	Entrophosporaceae	Entrophospora	Entrophospora_sp
masv_54282	LSU	Fungi	Glomeromycota	Clomeromycetes	Glomerales	Diversisporaceae	Diversisporaceae_spp	Diversisporaceae_spp
masv_54342	LSU	Fungi	Glomeromycota	Clomeromycetes	Glomerales	Septoglomeraceae	Septoglomus	Septoglomus_sp
masv_54398	LSU	Fungi	Glomeromycota	Clomeromycetes	Glomerales	Dominikiaceae	Dominikia	Dominikia_sp
masv_54875	LSU	Fungi	Glomeromycota	Clomeromycetes	Glomerales	Dominikiaceae	Dominikiaceae_spp	Dominikiaceae_spp
masv_54902	LSU	Fungi	Glomeromycota	Clomeromycetes	Glomerales	Dominikiaceae	Dominikiaceae_spp	Dominikiaceae_spp
masv_5508	LSU	Fungi	Glomeromycota	Clomeromycetes	Glomerales	Sclerocystaceae_Kamienskiaceae	Rhizophagus	Rhizophagus_sp
masv_55082	LSU	Fungi	Glomeromycota	Clomeromycetes	Glomerales	Entrophosporaceae	Entrophospora	Entrophospora_sp
masv_5520	LSU	Fungi	Glomeromycota	Clomeromycetes	Glomerales	Diversisporaceae	Diversispora	Diversispora_sp
masv_55202	LSU	Fungi	Glomeromycota	Clomeromycetes	Glomerales	Dominikiaceae	Dominikiaceae_spp	Dominikiaceae_spp
masv_55345	LSU	Fungi	Glomeromycota	Clomeromycetes	Glomerales	Sclerocystaceae_Kamienskiaceae	Rhizophagus	Rhizophagus_sp
masv_55357	LSU	Fungi	Glomeromycota	Clomeromycetes	Glomerales	Entrophosporaceae	Entrophospora	Entrophospora_sp
masv_55359	LSU	Fungi	Glomeromycota	Clomeromycetes	Glomerales	Sclerocystaceae_Kamienskiaceae	Rhizophagus	Rhizophagus_sp
masv_55460	LSU	Fungi	Glomeromycota	Clomeromycetes	Glomerales	Septoglomeraceae	Funneliformis	Funneliformis_sp
masv_5576	LSU	Fungi	Glomeromycota	Clomeromycetes	Glomerales	Dominikiaceae	Dominikia	Dominikia_sp
masv_5585	LSU	Fungi	Glomeromycota	Clomeromycetes	Glomerales	Ambisporaceae	Ambispora	Ambispora_sp
masv_5600	LSU	Fungi	Glomeromycota	Clomeromycetes	Glomerales	Paraglomeraceae	Paraglomus	Paraglomus_sp
masv_56129	LSU	Fungi	Glomeromycota	Clomeromycetes	Glomerales	Diversisporaceae	Diversispora	Diversispora_sp
masv_56226	LSU	Fungi	Glomeromycota	Clomeromycetes	Glomerales	Glomerales_spp	Glomerales_spp	Glomerales_spp
masv_5640	LSU	Fungi	Glomeromycota	Clomeromycetes	Glomerales	Septoglomeraceae	Septoglomus	Septoglomus_sp
masv_5644	LSU	Fungi	Glomeromycota	Clomeromycetes	Glomerales	Paraglomeraceae	Paraglomus	Paraglomus_sp
masv_56658	LSU	Fungi	Glomeromycota	Clomeromycetes	Glomerales	Dominikiaceae	Dominikiaceae_spp	Dominikiaceae_spp
masv_5666	LSU	Fungi	Glomeromycota	Clomeromycetes	Glomerales	Glomeraceae	Glomeraceae_spp	Glomeraceae_spp
masv_5695	LSU	Fungi	Glomeromycota	Clomeromycetes	Glomerales	Dominikiaceae	Dominikiaceae_spp	Dominikiaceae_spp
masv_5714	LSU	Fungi	Glomeromycota	Clomeromycetes	Glomerales	Diversisporaceae	Diversispora	Diversispora_sp
masv_57411	LSU	Fungi	Glomeromycota	Clomeromycetes	Glomerales	Dominikiaceae	Dominikia	Dominikia_sp
masv_5744	LSU	Fungi	Glomeromycota	Clomeromycetes	Glomerales	Dominikiaceae	Dominikiaceae_spp	Dominikiaceae_spp
masv_57805	LSU	Fungi	Glomeromycota	Clomeromycetes	Glomerales	Diversisporaceae	Diversisporaceae_spp	Diversisporaceae_spp
masv_57836	LSU	Fungi	Glomeromycota	Clomeromycetes	Glomerales	Entrophosporaceae	Entrophospora	Entrophospora_sp
masv_57926	LSU	Fungi	Glomeromycota	Clomeromycetes	Glomerales	Dominikiaceae	Dominikia	Dominikia_sp
masv_57992	LSU	Fungi	Glomeromycota	Clomeromycetes	Glomerales	Glomerales_spp	Glomerales_spp	Glomerales_spp
masv_58152	LSU	Fungi	Glomeromycota	Clomeromycetes	Glomerales	Paraglomeraceae	Paraglomus	Paraglomus_sp
masv_58153	LSU	Fungi	Glomeromycota	Clomeromycetes	Glomerales	Glomerales_spp	Glomerales_spp	Glomerales_spp
masv_58156	LSU	Fungi	Glomeromycota	Clomeromycetes	Glomerales	Paraglomeraceae	Paraglomus	Paraglomus_sp
masv_5820	LSU	Fungi	Glomeromycota	Clomeromycetes	Glomerales	Diversisporaceae	Diversisporaceae_spp	Diversisporaceae_spp
masv_5833	LSU	Fungi	Glomeromycota	Clomeromycetes	Glomerales	Dominikiaceae	Dominikiaceae_spp	Dominikiaceae_spp
masv_58337	LSU	Fungi	Glomeromycota	Clomeromycetes	Glomerales	Diversisporaceae	Diversispora	Diversispora_sp
masv_58381	LSU	Fungi	Glomeromycota	Clomeromycetes	Glomerales	Glomerales_spp	Glomerales_spp	Glomerales_spp
masv_58396	LSU	Fungi	Glomeromycota	Clomeromycetes	Glomerales	Paraglomeraceae	Paraglomus	Paraglomus_sp
masv_5843	LSU	Fungi	Glomeromycota	Clomeromycetes	Glomerales	Sclerocystaceae_Kamienskiaceae	Rhizophagus	Rhizophagus_sp
masv_585	LSU	Fungi	Glomeromycota	Clomeromycetes	Glomerales	Dominikiaceae	Dominikiaceae_spp	Dominikiaceae_spp
masv_58565	LSU	Fungi	Glomeromycota	Clomeromycetes	Glomerales	Dominikiaceae	Dominikiaceae_spp	Dominikiaceae_spp
masv_58638	LSU	Fungi	Glomeromycota	Clomeromycetes	Glomerales	Sclerocystaceae_Kamienskiaceae	Rhizophagus	Rhizophagus_sp
masv_5865	LSU	Fungi	Glomeromycota	Clomeromycetes	Glomerales	Dominikiaceae	Dominikiaceae_spp	Dominikiaceae_spp
masv_58730	LSU	Fungi	Glomeromycota	Clomeromycetes	Glomerales	Sclerocystaceae_Kamienskiaceae	Sclerocystaceae_Kamienskiaceae_spp	Sclerocystaceae_Kamienskiaceae_spp
masv_58982	LSU	Fungi	Glomeromycota	Clomeromycetes	Glomerales	Diversisporaceae	Diversispora	Diversispora_sp
masv_58987	LSU	Fungi	Glomeromycota	Clomeromycetes	Glomerales	Dominikiaceae	Dominikiaceae_spp	Dominikiaceae_spp
masv_59013	LSU	Fungi	Glomeromycota	Clomeromycetes	Glomerales	Glomerales_spp	Glomerales_spp	Glomerales_spp
masv_59016	LSU	Fungi	Glomeromycota	Clomeromycetes	Glomerales	Paraglomeraceae	Paraglomus	Paraglomus_sp
masv_5908	LSU	Fungi	Glomeromycota	Clomeromycetes	Glomerales	Dominikiaceae	Dominikiaceae_spp	Dominikiaceae_spp
masv_5911	LSU	Fungi	Glomeromycota	Clomeromycetes	Glomerales	Septoglomeraceae	Septoglomus	Septoglomus_sp
masv_594	LSU	Fungi	Glomeromycota	Clomeromycetes	Glomerales	Glomerales_spp	Glomerales_spp	Glomerales_spp
masv_59564	LSU	Fungi	Glomeromycota	Clomeromycetes	Glomerales	Paraglomeraceae	Paraglomus	Paraglomus_sp
masv_59578	LSU	Fungi	Glomeromycota	Clomeromycetes	Glomerales	Glomerales_spp	Glomerales_spp	Glomerales_spp
masv_59798	LSU	Fungi	Glomeromycota	Clomeromycetes	Glomerales	Dominikiaceae	Dominikiaceae_spp	Dominikiaceae_spp
masv_5980	LSU	Fungi	Glomeromycota	Clomeromycetes	Glomerales	Glomeraceae	Glomus	Glomus_sp
masv_59822	LSU	Fungi	Glomeromycota	Clomeromycetes	Glomerales	Sclerocystaceae_Kamienskiaceae	Rhizophagus	Rhizophagus_sp
masv_59902	LSU	Fungi	Glomeromycota	Clomeromycetes	Glomerales	Paraglomeraceae	Paraglomus	Paraglomus_sp
masv_60082	LSU	Fungi	Glomeromycota	Clomeromycetes	Glomerales	Paraglomeraceae	Paraglomus	Paraglomus_sp
masv_60108	LSU	Fungi	Glomeromycota	Clomeromycetes	Glomerales	Glomeraceae	Glomus	Glomus_sp
masv_60112	LSU	Fungi	Glomeromycota	Clomeromycetes	Glomerales	Dominikiaceae	Dominikiaceae_spp	Dominikiaceae_spp
masv_60115	LSU	Fungi	Glomeromycota	Clomeromycetes	Glomerales	Dominikiaceae	Dominikiaceae_spp	Dominikiaceae_spp
masv_6041	LSU	Fungi	Glomeromycota	Clomeromycetes	Glomerales	Dominikiaceae	Dominikia	Dominikia_sp
masv_61011	LSU	Fungi	Glomeromycota	Clomeromycetes	Glomerales	Glomerales_spp	Glomerales_spp	Glomerales_spp
masv_61277	LSU	Fungi	Glomeromycota	Clomeromycetes	Glomerales	Dominikiaceae	Dominikiaceae_spp	Dominikiaceae_spp
masv_61280	LSU	Fungi	Glomeromycota	Clomeromycetes	Glomerales	Sclerocystaceae_Kamienskiaceae	Rhizophagus	Rhizophagus_sp
masv_61622	LSU	Fungi	Glomeromycota	Clomeromycetes	Glomerales	Diversisporaceae	Diversispora	Diversispora_sp
masv_62487	LSU	Fungi	Glomeromycota	Clomeromycetes	Glomerales	Sclerocystaceae_Kamienskiaceae	Rhizophagus	Rhizophagus_sp
masv_62530	LSU	Fungi	Glomeromycota	Clomeromycetes	Glomerales	Dominikiaceae	Dominikia	Dominikia_sp
masv_62534	LSU	Fungi	Glomeromycota	Clomeromycetes	Glomerales	Glomeraceae	Glomeraceae_spp	Glomeraceae_spp
masv_62563	LSU	Fungi	Glomeromycota	Clomeromycetes	Glomerales	Dominikiaceae	Dominikiaceae_spp	Dominikiaceae_spp
masv_62979	LSU	Fungi	Glomeromycota	Clomeromycetes	Glomerales	Paraglomeraceae	Paraglomus	Paraglomus_sp
masv_62999	LSU	Fungi	Glomeromycota	Clomeromycetes	Glomerales	Dominikiaceae	Dominikia	Dominikia_sp
masv_63010	LSU	Fungi	Glomeromycota	Clomeromycetes	Glomerales	Dominikiaceae	Nanoglomus	Nanoglomus_sp
masv_63015	LSU	Fungi	Glomeromycota	Clomeromycetes	Glomerales	Dominikiaceae	Dominikiaceae_spp	Dominikiaceae_spp
masv_63135	LSU	Fungi	Glomeromycota	Clomeromycetes	Glomerales	Diversisporaceae	Diversispora	Diversispora_sp
masv_63248	LSU	Fungi	Glomeromycota	Clomeromycetes	Glomerales	Entrophosporaceae	Entrophospora	Entrophospora_sp
masv_633	LSU	Fungi	Glomeromycota	Clomeromycetes	Glomerales	Dominikiaceae	Dominikiaceae_spp	Dominikiaceae_spp
masv_64290	LSU	Fungi	Glomeromycota	Clomeromycetes	Glomerales	Entrophosporaceae	Entrophospora	Entrophospora_sp
masv_64298	LSU	Fungi	Glomeromycota	Clomeromycetes	Glomerales	Entrophosporaceae	Entrophospora	Entrophospora_sp
masv_6435	LSU	Fungi	Glomeromycota	Clomeromycetes	Glomerales	Glomerales_spp	Glomerales_spp	Glomerales_spp
masv_64406	LSU	Fungi	Glomeromycota	Clomeromycetes	Glomerales	Sclerocystaceae_Kamienskiaceae	Rhizophagus	Rhizophagus_sp
masv_64535	LSU	Fungi	Glomeromycota	Clomeromycetes	Glomerales	Dominikiaceae	Dominikia	Dominikia_sp
masv_64814	LSU	Fungi	Glomeromycota	Clomeromycetes	Glomerales	Sclerocystaceae_Kamienskiaceae	Rhizophagus	Rhizophagus_sp
masv_64918	LSU	Fungi	Glomeromycota	Clomeromycetes	Glomerales	Entrophosporaceae	Entrophospora	Entrophospora_sp
masv_64942	LSU	Fungi	Glomeromycota	Clomeromycetes	Glomerales	Sclerocystaceae_Kamienskiaceae	Rhizophagus	Rhizophagus_sp
masv_64945	LSU	Fungi	Glomeromycota	Clomeromycetes	Glomerales	Dominikiaceae	Nanoglomus	Nanoglomus_sp
masv_64950	LSU	Fungi	Glomeromycota	Clomeromycetes	Glomerales	Entrophosporaceae	Entrophospora	Entrophospora_sp
masv_64997	LSU	Fungi	Glomeromycota	Clomeromycetes	Glomerales	Sclerocystaceae_Kamienskiaceae	Rhizophagus	Rhizophagus_sp
masv_65003	LSU	Fungi	Glomeromycota	Clomeromycetes	Glomerales	Dominikiaceae	Dominikiaceae_spp	Dominikiaceae_spp
masv_65196	LSU	Fungi	Glomeromycota	Clomeromycetes	Glomerales	Diversisporaceae	Diversispora	Diversispora_sp
masv_65197	LSU	Fungi	Glomeromycota	Clomeromycetes	Glomerales	Glomerales_spp	Glomerales_spp	Glomerales_spp
masv_65198	LSU	Fungi	Glomeromycota	Clomeromycetes	Glomerales	Glomerales_spp	Glomerales_spp	Glomerales_spp
masv_65205	LSU	Fungi	Glomeromycota	Clomeromycetes	Glomerales	Dominikiaceae	Dominikia	Dominikia_sp
masv_6529	LSU	Fungi	Glomeromycota	Clomeromycetes	Glomerales	Entrophosporaceae	Entrophospora	Entrophospora_sp
masv_6533	LSU	Fungi	Glomeromycota	Clomeromycetes	Glomerales	Sclerocystaceae_Kamienskiaceae	Sclerocystaceae_Kamienskiaceae_spp	Sclerocystaceae_Kamienskiaceae_spp
masv_6536	LSU	Fungi	Glomeromycota	Clomeromycetes	Glomerales	Paraglomeraceae	Paraglomus	Paraglomus_sp
masv_65642	LSU	Fungi	Glomeromycota	Clomeromycetes	Glomerales	Entrophosporaceae	Entrophospora	Entrophospora_sp
masv_6584	LSU	Fungi	Glomeromycota	Clomeromycetes	Glomerales	Entrophosporaceae	Entrophospora	Entrophospora_sp
masv_659	LSU	Fungi	Glomeromycota	Clomeromycetes	Glomerales	Sclerocystaceae_Kamienskiaceae	Sclerocystaceae_Kamienskiaceae_spp	Sclerocystaceae_Kamienskiaceae_spp
masv_65907	LSU	Fungi	Glomeromycota	Clomeromycetes	Glomerales	Dominikiaceae	Dominikiaceae_spp	Dominikiaceae_spp
masv_65913	LSU	Fungi	Glomeromycota	Clomeromycetes	Glomerales	Entrophosporaceae	Entrophospora	Entrophospora_sp
masv_65916	LSU	Fungi	Glomeromycota	Clomeromycetes	Glomerales	Glomeraceae	Glomus	Glomus_sp
masv_65917	LSU	Fungi	Glomeromycota	Clomeromycetes	Glomerales	Dominikiaceae	Dominikia	Dominikia_sp
masv_65918	LSU	Fungi	Glomeromycota	Clomeromycetes	Glomerales	Dominikiaceae	Dominikiaceae_spp	Dominikiaceae_spp
masv_65929	LSU	Fungi	Glomeromycota	Clomeromycetes	Glomerales	Entrophosporaceae	Entrophospora	Entrophospora_sp
masv_6599	LSU	Fungi	Glomeromycota	Clomeromycetes	Glomerales	Paraglomeraceae	Paraglomus	Paraglomus_sp
masv_65994	LSU	Fungi	Glomeromycota	Clomeromycetes	Glomerales	Acaulosporaceae	Acaulospora	Acaulospora_sp
masv_660	LSU	Fungi	Glomeromycota	Clomeromycetes	Glomerales	Sclerocystaceae_Kamienskiaceae	Sclerocystaceae_Kamienskiaceae_spp	Sclerocystaceae_Kamienskiaceae_spp
masv_66265	LSU	Fungi	Glomeromycota	Clomeromycetes	Glomerales	Paraglomeraceae	Paraglomus	Paraglomus_sp
masv_6644	LSU	Fungi	Glomeromycota	Clomeromycetes	Glomerales	Septoglomeraceae	Septoglomus	Septoglomus_sp
masv_665	LSU	Fungi	Glomeromycota	Clomeromycetes	Glomerales	Glomerales_spp	Glomerales_spp	Glomerales_spp
masv_672	LSU	Fungi	Glomeromycota	Clomeromycetes	Glomerales	Dominikiaceae	Dominikiaceae_spp	Dominikiaceae_spp
masv_6735	LSU	Fungi	Glomeromycota	Clomeromycetes	Glomerales	Glomeraceae	Complexispora	Complexispora_sp
masv_6748	LSU	Fungi	Glomeromycota	Clomeromycetes	Glomerales	Glomerales_spp	Glomerales_spp	Glomerales_spp
masv_6761	LSU	Fungi	Glomeromycota	Clomeromycetes	Glomerales	Dominikiaceae	Dominikiaceae_spp	Dominikiaceae_spp
masv_6807	LSU	Fungi	Glomeromycota	Clomeromycetes	Glomerales	Dominikiaceae	Dominikiaceae_spp	Dominikiaceae_spp
masv_681	LSU	Fungi	Glomeromycota	Clomeromycetes	Glomerales	Dominikiaceae	Dominikiaceae_spp	Dominikiaceae_spp
masv_6815	LSU	Fungi	Glomeromycota	Clomeromycetes	Glomerales	Entrophosporaceae	Entrophospora	Entrophospora_sp
masv_6851	LSU	Fungi	Glomeromycota	Clomeromycetes	Glomerales	Glomerales_spp	Glomerales_spp	Glomerales_spp
masv_6910	LSU	Fungi	Glomeromycota	Clomeromycetes	Glomerales	Glomerales_spp	Glomerales_spp	Glomerales_spp
masv_7004	LSU	Fungi	Glomeromycota	Clomeromycetes	Glomerales	Dominikiaceae	Dominikia	Dominikia_sp
masv_7053	LSU	Fungi	Glomeromycota	Clomeromycetes	Glomerales	Glomerales_spp	Glomerales_spp	Glomerales_spp
masv_7101	LSU	Fungi	Glomeromycota	Clomeromycetes	Glomerales	Dominikiaceae	Dominikia	Dominikia_sp
masv_7163	LSU	Fungi	Glomeromycota	Clomeromycetes	Glomerales	Diversisporaceae	Diversispora	Diversispora_sp
masv_7178	LSU	Fungi	Glomeromycota	Clomeromycetes	Glomerales	Dominikiaceae	Dominikiaceae_spp	Dominikiaceae_spp
masv_7188	LSU	Fungi	Glomeromycota	Clomeromycetes	Glomerales	Entrophosporaceae	Entrophospora	Entrophospora_sp
masv_7207	LSU	Fungi	Glomeromycota	Clomeromycetes	Glomerales	Paraglomeraceae	Paraglomus	Paraglomus_sp
masv_7238	LSU	Fungi	Glomeromycota	Clomeromycetes	Glomerales	Entrophosporaceae	Entrophospora	Entrophospora_sp
masv_7250	LSU	Fungi	Glomeromycota	Clomeromycetes	Glomerales	Sclerocystaceae_Kamienskiaceae	Rhizophagus	Rhizophagus_sp
masv_729	LSU	Fungi	Glomeromycota	Clomeromycetes	Glomerales	Dominikiaceae	Dominikiaceae_spp	Dominikiaceae_spp
masv_7305	LSU	Fungi	Glomeromycota	Clomeromycetes	Glomerales	Dominikiaceae	Dominikia	Dominikia_sp
masv_7380	LSU	Fungi	Glomeromycota	Clomeromycetes	Glomerales	Dominikiaceae	Nanoglomus	Nanoglomus_sp
masv_7426	LSU	Fungi	Glomeromycota	Clomeromycetes	Glomerales	Sclerocystaceae_Kamienskiaceae	Rhizophagus	Rhizophagus_sp
masv_750	LSU	Fungi	Glomeromycota	Clomeromycetes	Glomerales	Dominikiaceae	Dominikiaceae_spp	Dominikiaceae_spp
masv_7601	LSU	Fungi	Glomeromycota	Clomeromycetes	Glomerales	Glomerales_spp	Glomerales_spp	Glomerales_spp
masv_7618	LSU	Fungi	Glomeromycota	Clomeromycetes	Glomerales	Glomerales_spp	Glomerales_spp	Glomerales_spp
masv_7660	LSU	Fungi	Glomeromycota	Clomeromycetes	Glomerales	Paraglomeraceae	Paraglomus	Paraglomus_sp
masv_7734	LSU	Fungi	Glomeromycota	Clomeromycetes	Glomerales	Dominikiaceae	Dominikiaceae_spp	Dominikiaceae_spp
masv_7808	LSU	Fungi	Glomeromycota	Clomeromycetes	Glomerales	Glomerales_spp	Glomerales_spp	Glomerales_spp
masv_7873	LSU	Fungi	Glomeromycota	Clomeromycetes	Glomerales	Paraglomeraceae	Paraglomus	Paraglomus_sp
masv_7945	LSU	Fungi	Glomeromycota	Clomeromycetes	Glomerales	Glomerales_spp	Glomerales_spp	Glomerales_spp
masv_7948	LSU	Fungi	Glomeromycota	Clomeromycetes	Glomerales	Paraglomeraceae	Paraglomus	Paraglomus_sp
masv_7950	LSU	Fungi	Glomeromycota	Clomeromycetes	Glomerales	Dominikiaceae	Dominikiaceae_spp	Dominikiaceae_spp
masv_7998	LSU	Fungi	Glomeromycota	Clomeromycetes	Glomerales	Septoglomeraceae	Septoglomus	Septoglomus_sp
masv_8051	LSU	Fungi	Glomeromycota	Clomeromycetes	Glomerales	Diversisporaceae	Diversisporaceae_spp	Diversisporaceae_spp
masv_809	LSU	Fungi	Glomeromycota	Clomeromycetes	Glomerales	Septoglomeraceae	Septoglomus	Septoglomus_sp
masv_810	LSU	Fungi	Glomeromycota	Clomeromycetes	Glomerales	Dominikiaceae	Dominikiaceae_spp	Dominikiaceae_spp
masv_8113	LSU	Fungi	Glomeromycota	Clomeromycetes	Glomerales	Glomerales_spp	Glomerales_spp	Glomerales_spp
masv_8129	LSU	Fungi	Glomeromycota	Clomeromycetes	Glomerales	Paraglomeraceae	Paraglomus	Paraglomus_sp
masv_8141	LSU	Fungi	Glomeromycota	Clomeromycetes	Glomerales	Diversisporaceae	Diversispora	Diversispora_sp
masv_8143	LSU	Fungi	Glomeromycota	Clomeromycetes	Glomerales	Dominikiaceae	Dominikiaceae_spp	Dominikiaceae_spp
masv_8153	LSU	Fungi	Glomeromycota	Clomeromycetes	Glomerales	Diversisporaceae	Diversispora	Diversispora_sp
masv_8292	LSU	Fungi	Glomeromycota	Clomeromycetes	Glomerales	Glomeraceae	Glomus	Glomus_sp
masv_8293	LSU	Fungi	Glomeromycota	Clomeromycetes	Glomerales	Glomeraceae	Complexispora	Complexispora_sp
masv_8342	LSU	Fungi	Glomeromycota	Clomeromycetes	Glomerales	Diversisporaceae	Diversisporaceae_spp	Diversisporaceae_spp
masv_8357	LSU	Fungi	Glomeromycota	Clomeromycetes	Glomerales	Dominikiaceae	Dominikiaceae_spp	Dominikiaceae_spp
masv_8366	LSU	Fungi	Glomeromycota	Clomeromycetes	Glomerales	Septoglomeraceae	Septoglomus	Septoglomus_sp
masv_8390	LSU	Fungi	Glomeromycota	Clomeromycetes	Glomerales	Glomeraceae	Glomus	Glomus_sp
masv_8599	LSU	Fungi	Glomeromycota	Clomeromycetes	Glomerales	Septoglomeraceae	Septoglomus	Septoglomus_sp
masv_8647	LSU	Fungi	Glomeromycota	Clomeromycetes	Glomerales	Paraglomeraceae	Paraglomus	Paraglomus_sp
masv_8718	LSU	Fungi	Glomeromycota	Clomeromycetes	Glomerales	Dominikiaceae	Dominikiaceae_spp	Dominikiaceae_spp
masv_872	LSU	Fungi	Glomeromycota	Clomeromycetes	Glomerales	Dominikiaceae	Dominikia	Dominikia_sp
masv_874	LSU	Fungi	Glomeromycota	Clomeromycetes	Glomerales	Entrophosporaceae	Entrophospora	Entrophospora_sp
masv_8751	LSU	Fungi	Glomeromycota	Clomeromycetes	Glomerales	Paraglomeraceae	Paraglomus	Paraglomus_sp
masv_8819	LSU	Fungi	Glomeromycota	Clomeromycetes	Glomerales	Dominikiaceae	Dominikiaceae_spp	Dominikiaceae_spp
masv_8826	LSU	Fungi	Glomeromycota	Clomeromycetes	Glomerales	Dominikiaceae	Dominikia	Dominikia_sp
masv_8879	LSU	Fungi	Glomeromycota	Clomeromycetes	Glomerales	Dominikiaceae	Dominikia	Dominikia_sp
masv_8926	LSU	Fungi	Glomeromycota	Clomeromycetes	Glomerales	Entrophosporaceae	Entrophospora	Entrophospora_sp
masv_893	LSU	Fungi	Glomeromycota	Clomeromycetes	Glomerales	Dominikiaceae	Dominikia	Dominikia_sp
masv_8949	LSU	Fungi	Glomeromycota	Clomeromycetes	Glomerales	Dominikiaceae	Dominikiaceae_spp	Dominikiaceae_spp
masv_8992	LSU	Fungi	Glomeromycota	Clomeromycetes	Glomerales	Paraglomeraceae	Paraglomus	Paraglomus_sp
masv_9028	LSU	Fungi	Glomeromycota	Clomeromycetes	Glomerales	Diversisporaceae	Diversispora	Diversispora_sp
masv_9118	LSU	Fungi	Glomeromycota	Clomeromycetes	Glomerales	Entrophosporaceae	Entrophospora	Entrophospora_sp
masv_9163	LSU	Fungi	Glomeromycota	Clomeromycetes	Glomerales	Dominikiaceae	Dominikia	Dominikia_sp
masv_9200	LSU	Fungi	Glomeromycota	Clomeromycetes	Glomerales	Entrophosporaceae	Entrophospora	Entrophospora_sp
masv_9201	LSU	Fungi	Glomeromycota	Clomeromycetes	Glomerales	Entrophosporaceae	Entrophospora	Entrophospora_sp
masv_9218	LSU	Fungi	Glomeromycota	Clomeromycetes	Glomerales	Dominikiaceae	Dominikia	Dominikia_sp
masv_9259	LSU	Fungi	Glomeromycota	Clomeromycetes	Glomerales	Glomerales_spp	Glomerales_spp	Glomerales_spp
masv_9391	LSU	Fungi	Glomeromycota	Clomeromycetes	Glomerales	Entrophosporaceae	Entrophospora	Entrophospora_sp
masv_9414	LSU	Fungi	Glomeromycota	Clomeromycetes	Glomerales	Entrophosporaceae	Entrophospora	Entrophospora_sp
masv_9459	LSU	Fungi	Glomeromycota	Clomeromycetes	Glomerales	Entrophosporaceae	Entrophospora	Entrophospora_sp
masv_9686	LSU	Fungi	Glomeromycota	Clomeromycetes	Glomerales	Dominikiaceae	Dominikia	Dominikia_sp
masv_9697	LSU	Fungi	Glomeromycota	Clomeromycetes	Glomerales	Entrophosporaceae	Entrophospora	Entrophospora_sp
masv_9713	LSU	Fungi	Glomeromycota	Clomeromycetes	Glomerales	Ambisporaceae	Ambispora	Ambispora_sp
masv_972	LSU	Fungi	Glomeromycota	Clomeromycetes	Glomerales	Entrophosporaceae	Entrophospora	Entrophospora_sp
masv_9784	LSU	Fungi	Glomeromycota	Clomeromycetes	Glomerales	Entrophosporaceae	Entrophospora	Entrophospora_sp
masv_980	LSU	Fungi	Glomeromycota	Clomeromycetes	Glomerales	Dominikiaceae	Dominikiaceae_spp	Dominikiaceae_spp
masv_9805	LSU	Fungi	Glomeromycota	Clomeromycetes	Glomerales	Glomerales_spp	Glomerales_spp	Glomerales_spp
masv_9848	LSU	Fungi	Glomeromycota	Clomeromycetes	Glomerales	Dominikiaceae	Dominikiaceae_spp	Dominikiaceae_spp
masv_9909	LSU	Fungi	Glomeromycota	Clomeromycetes	Glomerales	Entrophosporaceae	Entrophospora	Entrophospora_sp
masv_996	LSU	Fungi	Glomeromycota	Clomeromycetes	Glomerales	Septoglomeraceae	Septoglomus	Septoglomus_sp
